Tipe Kost,Kamar Tersedia,Nama Kost,Lokasi,Fasilitas,Harga Asli,Diskon,Harga /bulan
Campur,Kamar penuh,Kost Singgahsini Rock Tipe A Gubeng Surabaya,Kecamatan Gubeng,K. Mandi Dalam ·WiFi ·AC ·Kloset Duduk ·Kasur ·Akses 24 Jam ,3190127,10%,2871114
Putri,Sisa 1 kamar,Kost Apik Klampis Aji II Tipe A Sukolilo Surabaya,Kecamatan Sukolilo,K. Mandi Dalam ·WiFi ·AC ·Kloset Duduk ·Kasur ,1700000,5%,1615000
Putra,Sisa 2 kamar,Kost Singgahsini Tenggilis Mejoyo KH 14 Tipe A Rungkut Surabaya,Rungkut,WiFi ·AC ·Kloset Duduk ·Kasur ,1200000,5%,1140000
Campur,Kamar penuh,Kost Apik Ubaya KH 12 Tipe B Rungkut Surabaya,Kecamatan Rungkut,WiFi ·Kloset Duduk ·Kasur ,850000,10%,765000
Putra,Sisa 2 kamar,Kost Singgahsini Tumapel 95 Tipe A Tegalsari Surabaya,Tegalsari,K. Mandi Dalam ·WiFi ·AC ·Kloset Duduk ·Kasur ·Akses 24 Jam ,2000000,7%,1860000
Putri,Sisa 1 kamar,Kost Singgahsini Rumah Soerya Tipe B Semolowaru Surabaya,Kecamatan Sukolilo,K. Mandi Dalam ·WiFi ·AC ·Kloset Duduk ·Kasur ·Akses 24 Jam ,1500000,7%,1395000
Putra,Sisa 1 kamar,Kost Singgahsini Tumapel 95 Tipe D Tegalsari Surabaya,Tegalsari,K. Mandi Dalam ·WiFi ·AC ·Kloset Duduk ·Kasur ·Akses 24 Jam ,1400000,3%,1358000
Putra,Sisa 1 kamar,Kost Singgahsini Tumapel 95 Tipe B Tegalsari Surabaya,Tegalsari,K. Mandi Dalam ·WiFi ·AC ·Kloset Duduk ·Kasur ·Akses 24 Jam ,1750000,10%,1575000
Putri,Kamar penuh,Kost Apik Klampis Aji II Tipe B Sukolilo Surabaya,Kecamatan Sukolilo,WiFi ·AC ·Kloset Duduk ·Kasur ,1550000,3%,1503500
Putri,Sisa 2 kamar,Kost Singgahsini Rumah Soerya Tipe A Semolowaru Surabaya,Kecamatan Sukolilo,WiFi ·AC ·Kloset Duduk ·Kasur ·Akses 24 Jam ,1300000,10%,1170000
Campur,Sisa 2 kamar,Kost Singgahsini Demsey Tipe A Margorejo Surabaya,Wonocolo,K. Mandi Dalam ·WiFi ·AC ·Kloset Duduk ·Kasur ·Akses 24 Jam ,2500000,7%,2325000
Putri,Kamar penuh,Kost Apik Mitra Jaya Bratang Tipe B Wonokromo Surabaya,Wonokromo,WiFi ·Kasur ·Akses 24 Jam ,750000,10%,675000
Putri,Kamar penuh,Kost Apik Mitra Jaya Bratang Tipe A Wonokromo Surabaya,Kecamatan Wonokromo,WiFi ·Kasur ·Akses 24 Jam ,850000,10%,765000
Campur,Sisa 1 kamar,Kost Apik Ubaya KH 12 Tipe A Rungkut Surabaya,Kecamatan Rungkut,WiFi ·AC ·Kloset Duduk ·Kasur ,1312000,5%,1246400
Putra,Kamar penuh,Kost Apik UBAYA Si Mbok Tipe A Rungkut Surabaya,Kecamatan Rungkut,K. Mandi Dalam ·WiFi ·AC ·Kloset Duduk ·Kasur ·Akses 24 Jam ,1650000,10%,1485000
Putra,Sisa 1 kamar,Kost Apik UBAYA Si Mbok Tipe B Rungkut Surabaya,Kecamatan Rungkut,K. Mandi Dalam ·WiFi ·AC ·Kloset Duduk ·Kasur ·Akses 24 Jam ,2370000,10%,2133000
Putri,Sisa 4 kamar,Kost Apik Lily II Tipe C Sukolilo Surabaya,Sukolilo,WiFi ·Kloset Duduk ·Kasur ·Akses 24 Jam ,860000,5%,817000
Putri,Sisa 2 kamar,Kost Apik Lily II Tipe A Sukolilo Surabaya,Sukolilo,WiFi ·Kloset Duduk ·Kasur ·Akses 24 Jam ,1054500,5%,1001775
Putri,Sisa 3 kamar,Kost Apik Lily II Tipe B Sukolilo Surabaya,Sukolilo,WiFi ·Kloset Duduk ·Kasur ·Akses 24 Jam ,971250,5%,922688
Campur,Kamar penuh,Kost Apik UBAYA 72 Tipe C Tenggilis Mejoyo Surabaya,Tenggilis Mejoyo,K. Mandi Dalam ·AC ·Kloset Duduk ·Kasur ·Akses 24 Jam ,1400000,10%,1260000
Campur,Sisa 1 kamar,Kost Apik UBAYA 72 Tipe A Tenggilis Mejoyo Surabaya,Tenggilis Mejoyo,K. Mandi Dalam ·AC ·Kloset Duduk ·Kasur ·Akses 24 Jam ,2000000,10%,1800000
Campur,Kamar penuh,Kost Apik UBAYA 72 Tipe B Tenggilis Mejoyo Surabaya,Tenggilis Mejoyo,K. Mandi Dalam ·AC ·Kloset Duduk ·Kasur ·Akses 24 Jam ,1877000,10%,1689300
Putri,Sisa 2 kamar,Kost Apik Ai 11 Tipe B Rungkut Surabaya,Rungkut,WiFi ·Kloset Duduk ·Kasur ,850000,-,850000
Putri,Kamar penuh,Kost Apik Ai 11 Tipe A Rungkut Surabaya,Rungkut,WiFi ·AC ·Kloset Duduk ·Kasur ,1300000,-,1300000
Putri,Sisa 1 kamar,Kost Singgahsini Rumah Soerya Tipe C Semolowaru Surabaya,Sukolilo,K. Mandi Dalam ·WiFi ·AC ·Kloset Duduk ·Kasur ·Akses 24 Jam ,2000000,-,2000000
Campur,Kamar penuh,Kost Crystal Guest House Tipe A Sukolilo Surabaya,Sukolilo,Pasutri wajib membawa surat nikah (sewa harian) ·Wajib lampirkan KTP saat check-in (sewa harian) ·K. Mandi Dalam ·WiFi ·AC ·Kloset Duduk ·Kasur ·Akses 24 Jam ,2500000,-,2500000
Putra,Kamar penuh,Kost Ferkyta Tipe A Wonokromo Surabaya,Wonokromo,WiFi ·AC ·Kloset Duduk ·Kasur ·Akses 24 Jam ,1100000,-,1100000
Putra,Kamar penuh,Kost Ferkyta Tipe B Wonokromo Surabaya,Wonokromo,Tanpa deposit (sewa harian) ·Tidak bisa DP (sewa harian) ·WiFi ·AC ·Kloset Duduk ·Kasur ·Akses 24 Jam ,1000000,-,1000000
Putri,Kamar penuh,Kost Semolowaru Timur Gg XI Tipe A Sukolilo Surabaya,Sukolilo,WiFi ·Kasur ·Akses 24 Jam ,950000,-,950000
Putri,Kamar penuh,Kost Dekat ITS Surabaya Sukolilo Surabaya,Kecamatan Sukolilo,WiFi ·AC ·Kloset Duduk ·Kasur ,1300000,-,1300000
Campur,Kamar penuh,Kost Dekat UBAYA Kalirungkut Tenggilis Mejoyo Surabaya,Kecamatan Tenggilis Mejoyo,K. Mandi Dalam ·AC ·Kloset Duduk ·Kasur ,1250000,-,1250000
Putri,Kamar penuh,Kost Semolowaru Praja Tipe AC2 Sukolilo Surabaya,Sukolilo,Wajib lampirkan KTP saat check-in (sewa harian) ·WiFi ·AC ·Kasur ,1400000,-,1400000
Putri,Kamar penuh,Kost Semolowaru Praja Tipe AC Sukolilo Surabaya,Sukolilo,Wajib lampirkan KTP saat check-in (sewa harian) ·WiFi ·AC ·Kasur ,1400000,-,1400000
Putra,Kamar penuh,Kost Ceria Residence Rungkut Surabaya,Rungkut,WiFi ·AC ·Kasur ,1200000,-,1200000
Putra,Kamar penuh,Kost Baratajaya V Gubeng Surabaya,Gubeng,WiFi ·AC ·Kloset Duduk ·Kasur ·Akses 24 Jam ,1500000,-,1500000
Campur,Kamar penuh, Kost Exclusive Tenggilis Timur  Tipe B Surabaya,Tenggilis Mejoyo,K. Mandi Dalam ·WiFi ·AC ·Kloset Duduk ·Kasur ·Akses 24 Jam ,2400000,-,2400000
Campur,Kamar penuh,Kost Exclusive Tenggilis Timur Tipe A Tenggilis Mejoyo Surabaya,Tenggilis Mejoyo,Harga termasuk listrik (sewa harian) ·Wajib lampirkan KTP saat check-in (sewa harian) ·K. Mandi Dalam ·WiFi ·AC ·Kloset Duduk ·Kasur ·Akses 24 Jam ,1800000,-,1800000
Campur,Kamar penuh,Kost 3M Tipe Executive Tenggilis Mejoyo Surabaya,Tenggilis Mejoyo,Wajib lampirkan KTP saat check-in (sewa harian) ·K. Mandi Dalam ·WiFi ·AC ·Kloset Duduk ·Kasur ·Akses 24 Jam ,1500000,-,1500000
Putri,Kamar penuh,Kost Nita Wonokromo Surabaya,Kecamatan Wonokromo,K. Mandi Dalam ·WiFi ·AC ·Kloset Duduk ·Kasur ,1600000,-,1600000
Campur,Kamar penuh,Kost Premium Wonokromo Surabaya,Wonokromo,WiFi ·AC ·Kloset Duduk ·Kasur ,1800000,-,1800000
Campur,Kamar penuh,Kost Graha Aashritha 1 Sukolilo Surabaya,Kecamatan Sukolilo,Check-in pukul 14:00-21:00 (sewa harian) ·Check-out maks. pukul 12:00 (sewa harian) ·Harga termasuk listrik (sewa harian) ·Wajib lampirkan KTP saat check-in (sewa harian) ·Tanpa deposit (sewa harian) ·K. Mandi Dalam ·AC ·Kloset Duduk ·Kasur ·Akses 24 Jam ,2750000,-,2750000
Campur,Kamar penuh,Kost New Kosakata Executive Tenggilis Mejoyo Surabaya,Tenggilis Mejoyo,K. Mandi Dalam ·WiFi ·AC ·Kasur ,1600000,-,1600000
Campur,Kamar penuh,Kost Classy Sidosermo Wonocolo Surabaya,Wonocolo,K. Mandi Dalam ·WiFi ·AC ·Kloset Duduk ·Kasur ,1400000,-,1400000
Putra,Kamar penuh,Kost Rms R9 Rungkut Surabaya,Rungkut,Wajib lampirkan KTP saat check-in (sewa harian) ·WiFi ·AC ·Kloset Duduk ·Kasur ·Akses 24 Jam ,1002200,-,1002200
Putri,Kamar penuh,Kost House of Sasha Sukolilo Surabaya,Sukolilo,K. Mandi Dalam ·WiFi ·AC ·Kloset Duduk ·Kasur ,900000,-,900000
Putri,Kamar penuh,Kost Maharani Semolowaru Tengah Sukolilo Surabaya,Kecamatan Sukolilo,K. Mandi Dalam ·WiFi ·AC ·Kloset Duduk ·Kasur ·Akses 24 Jam ,900000,-,900000
Putri,Kamar penuh,Kost Hosana Tipe A Wonokromo Surabaya,Wonokromo,K. Mandi Dalam ·WiFi ·AC ·Kloset Duduk ·Kasur ,1600000,-,1600000
Putri,Kamar penuh,Kost UBI IV 31 Wonokromo Surabaya,Wonokromo,Tidak bisa DP (sewa harian) ·K. Mandi Dalam ·WiFi ·Kasur ·Akses 24 Jam ,950000,-,950000
Putri,Kamar penuh,Kost Manyar I Sukolilo Surabaya,Kecamatan Sukolilo,WiFi ·AC ·Kloset Duduk ·Kasur ,1500000,-,1500000
Putra,Kamar penuh,Kost Pro Solusi Tipe B Wonokromo Surabaya,Kecamatan Wonokromo,Harga termasuk listrik (sewa harian) ·Wajib lampirkan KTP saat check-in (sewa harian) ·WiFi ·AC ·Kloset Duduk ·Kasur ·Akses 24 Jam ,600000,-,600000
Putra,Kamar penuh,Kost Sidosermo Jemursari Prapen Margorejo Marina Margorejo Wonocolo Surabaya,Wonocolo,K. Mandi Dalam ·WiFi ·AC ·Kloset Duduk ·Kasur ·Akses 24 Jam ,1600000,-,1600000
Putra,Kamar penuh,Kost Nginden Tipe B Sukolilo Surabaya,Sukolilo,K. Mandi Dalam ·AC ·Kasur ·Akses 24 Jam ,1100000,-,1100000
Putra,Kamar penuh,Kost Play Ubaya Rungkut Surabaya,Rungkut,AC ·Kloset Duduk ·Kasur ·Akses 24 Jam ,1350000,-,1350000
Putri,Kamar penuh,Kost Pucang Jajar Selatan Tipe A Gubeng Surabaya,Gubeng,K. Mandi Dalam ·WiFi ·AC ·Kloset Duduk ·Kasur ,1700000,-,1700000
Putri,Kamar penuh,Kost Klapa Exclusive Manyar Surabaya,Sukolilo,K. Mandi Dalam ·WiFi ·AC ·Kloset Duduk ·Kasur ,2800000,-,2800000
Campur,Sisa 3 kamar,Kost Jack and Jill Executive Tenggilis Mejoyo Surabaya,Kecamatan Tenggilis Mejoyo,K. Mandi Dalam ·WiFi ·AC ·Kloset Duduk ·Kasur ,1500000,-,1500000
Campur,Kamar penuh,Kost TM 12 Tipe Non AC Rungkut Surabaya,Kecamatan Rungkut,Check-out maks. pukul 12:00 (sewa harian) ·Harga termasuk listrik (sewa harian) ·Maksimal 2 orang (sewa harian) ·Pasutri wajib membawa surat nikah (sewa harian) ·Tanpa deposit (sewa harian) ·Wajib lampirkan KTP saat check-in (sewa harian) ·WiFi ·Kloset Duduk ·Kasur ,900000,-,900000
Putri,Kamar penuh,Kost Rungkut Mejoyo Utara I Rungkut Surabaya,Rungkut,WiFi ·Kloset Duduk ·Kasur ·Akses 24 Jam ,950000,-,950000
Putra,Sisa 3 kamar,Kost JS 12 Wonokromo Surabaya,Wonokromo,WiFi ·Kloset Duduk ·Kasur ·Akses 24 Jam ,550000,-,550000
Campur,Kamar penuh,Kost Bing Cen Gubeng Surabaya,Gubeng,WiFi ·AC ·Kloset Duduk ·Kasur ·Akses 24 Jam ,850000,-,850000
Putri,Kamar penuh, Kost Herman Tipe H Wonocolo Surabaya,Wonocolo,K. Mandi Dalam ·WiFi ·Kloset Duduk ·Kasur ·Akses 24 Jam ,1250000,-,1250000
Campur,Kamar penuh,Kost Royal Tipe A Wonocolo Surabaya,Wonocolo,K. Mandi Dalam ·AC ·Kloset Duduk ·Kasur ·Akses 24 Jam ,1100000,-,1100000
Putri,Kamar penuh,Kost Pelangi Tipe D Rungkut Surabaya,Rungkut,WiFi ·AC ·Kloset Duduk ·Kasur ·Akses 24 Jam ,1240000,-,1240000
Campur,Kamar penuh,Kost Jalan Margorejo Tangsi Dekat RSAL Ayani Wonocolo Surabaya,Kecamatan Wonocolo,WiFi ·AC ·Kloset Duduk ·Kasur ·Akses 24 Jam ,1500000,-,1500000
Campur,Kamar penuh,Kost Bebas Reynaldi Tenggilis Mejoyo Surabaya,Kecamatan Tenggilis Mejoyo,K. Mandi Dalam ·WiFi ·AC ·Kloset Duduk ·Kasur ·Akses 24 Jam ,2000000,-,2000000
Campur,Kamar penuh,Kost Wira Gubeng Surabaya,Gubeng,K. Mandi Dalam ·WiFi ·AC ·Kloset Duduk ·Kasur ·Akses 24 Jam ,1900000,-,1900000
Putri,Kamar penuh,Kost Bloominghome 2 Executive Sukolilo Surabaya,Sukolilo,K. Mandi Dalam ·WiFi ·AC ·Kloset Duduk ·Kasur ,2000000,-,2000000
Putri,Kamar penuh,Kost Classy Type BA2 Tenggilis Mejoyo Surabaya,Tenggilis Mejoyo,K. Mandi Dalam ·WiFi ·AC ·Kloset Duduk ·Kasur ,2750000,-,2750000
Putri,Kamar penuh,Kost Classy Type BB 2 Tenggilis Mejoyo Surabaya,Tenggilis Mejoyo,K. Mandi Dalam ·WiFi ·AC ·Kloset Duduk ·Kasur ,2700000,-,2700000
Campur,Kamar penuh,Kost Bentul Wonokromo Surabaya,Wonokromo,K. Mandi Dalam ·WiFi ·AC ·Kloset Duduk ·Kasur ,1900000,-,1900000
Putri,Kamar penuh,Kost Classy Tipe D1 Tenggilis Mejoyo Surabaya,Tenggilis Mejoyo,K. Mandi Dalam ·WiFi ·AC ·Kloset Duduk ·Kasur ,2750000,-,2750000
Campur,Kamar penuh,Kost Barat Gubeng Surabaya,Gubeng,K. Mandi Dalam ·AC ·Kasur ·Akses 24 Jam ,1700000,-,1700000
Campur,Kamar penuh,Kost Timur Gubeng Surabaya,Gubeng,K. Mandi Dalam ·AC ·Kloset Duduk ·Akses 24 Jam ,1300000,-,1300000
Putri,Kamar penuh,Kost Putri Lily 1 Tipe B Gubeng Surabaya,Gubeng,K. Mandi Dalam ·Kloset Duduk ·Kasur ,600000,-,600000
Campur,Kamar penuh,Kost Utara Gubeng Surabaya,Kecamatan Gubeng,AC ·Kasur ,1300000,-,1300000
Campur,Kamar penuh,Kost Sila House Tipe A Tenggilis Mejoyo Surabaya,Kecamatan Tenggilis Mejoyo,WiFi ·AC ·Kloset Duduk ·Kasur ·Akses 24 Jam ,1800000,-,1800000
Campur,Kamar penuh,Kost Sila House Tipe B Tenggilis Mejoyo Surabaya,Tenggilis Mejoyo,K. Mandi Dalam ·WiFi ·AC ·Kloset Duduk ·Kasur ·Akses 24 Jam ,2500000,-,2500000
Putri,Kamar penuh,Kost Putri Lily 1 Tipe A Gubeng Surabaya,Gubeng,Kloset Duduk ·Kasur ,600000,-,600000
Campur,Kamar penuh,Kost Kosakata Residence Sukolilo Surabaya,Sukolilo,K. Mandi Dalam ·WiFi ·AC ·Kloset Duduk ·Kasur ·Akses 24 Jam ,1250000,-,1250000
Putri,Kamar penuh,Kost Classy Type BA 1 Tenggilis Mejoyo Surabaya,Tenggilis Mejoyo,K. Mandi Dalam ·WiFi ·AC ·Kloset Duduk ·Kasur ,2775000,-,2775000
Campur,Kamar penuh,Kost Sila House Tipe C Tenggilis Mejoyo Surabaya,Kecamatan Tenggilis Mejoyo,Pasutri wajib membawa surat nikah (sewa harian) ·K. Mandi Dalam ·WiFi ·AC ·Kloset Duduk ·Kasur ·Akses 24 Jam ,2100000,-,2100000
Putri,Kamar penuh,Kost Semolowaru Praja Tipe Non Ac2 Sukolilo Surabaya,Sukolilo,Wajib lampirkan KTP saat check-in (sewa harian) ·WiFi ·Kasur ,850000,-,850000
Putri,Kamar penuh,Kost Bersih Sukolilo Surabaya,Kecamatan Sukolilo,WiFi ·Kasur ·Akses 24 Jam ,625000,-,625000
Putri,Kamar penuh,Kost Seger Hardiman Sukolilo Surabaya,Sukolilo,WiFi ·Kasur ,750000,-,750000
Campur,Kamar penuh,Kost Bu Yana VVIP 2 Gubeng Surabaya,Gubeng,K. Mandi Dalam ·WiFi ·AC ·Kloset Duduk ·Kasur ·Akses 24 Jam ,1975000,-,1975000
Campur,Kamar penuh,Kost Executive Tipe A Wonocolo Surabaya,Wonocolo,AC ·Kloset Duduk ·Kasur ,1000000,-,1000000
Putra,Kamar penuh,Kost Bu Eti 1 Tipe A Raya Tenggilis Surabaya,Rungkut,AC ·Kloset Duduk ·Kasur ,900000,-,900000
Putra,Kamar penuh,Kost Bu Eti 1 Tipe B Raya Tenggilis Surabaya,Rungkut,AC ·Kloset Duduk ·Kasur ,900000,-,900000
Putri,Kamar penuh,Kost Amarilis Wonokromo Surabaya,Kecamatan Wonokromo,WiFi ·Kloset Duduk ·Kasur ,1200000,-,1200000
Campur,Kamar penuh,Kost Prapen Tenggilis Mejoyo Surabaya,Kecamatan Tenggilis Mejoyo,AC ·Kloset Duduk ·Kasur ·Akses 24 Jam ,650000,-,650000
Putri,Kamar penuh,Kost Pelangi Tenggilis Tipe Ac Rungkut Surabaya,Kecamatan Rungkut,WiFi ·AC ·Kloset Duduk ·Kasur ·Akses 24 Jam ,1300000,-,1300000
Putri,Kamar penuh,Kost Pelangi  Tipe B Rungkut Surabaya,Rungkut,WiFi ·AC ·Kloset Duduk ·Kasur ·Akses 24 Jam ,1265000,-,1265000
Putri,Kamar penuh,Kost Pelangi Tenggilis Tipe A1 Rungkut Surabaya,Rungkut,WiFi ·AC ·Kloset Duduk ·Kasur ·Akses 24 Jam ,1300000,-,1300000
Putri,Kamar penuh,Kost Pelangi Rungkut Surabaya,Rungkut,WiFi ·Kloset Duduk ·Kasur ·Akses 24 Jam ,890000,-,890000
Putri,Kamar penuh,Kost Pelangi Tipe C Rungkut Surabaya,Rungkut,WiFi ·AC ·Kloset Duduk ·Kasur ·Akses 24 Jam ,1240000,-,1240000
Campur,Kamar penuh,Kost Keluarga Rungkut Surabaya,Kecamatan Rungkut,K. Mandi Dalam ·WiFi ·AC ·Kloset Duduk ·Kasur ,3000000,-,3000000
Putri,Kamar penuh,Kost Kampus Ubaya Tipe B Rungkut Surabaya,Kecamatan Rungkut,K. Mandi Dalam ·WiFi ·AC ·Kloset Duduk ·Kasur ,3000000,-,3000000
Putri,Kamar penuh,Kost Kampus Ubaya Tipe A Rungkut Surabaya,Kecamatan Rungkut,WiFi ·AC ·Kloset Duduk ·Kasur ·Akses 24 Jam ,1240000,-,1240000
Putri,Kamar penuh,Kost Pelangi Tipe E Rungkut Surabaya,Kecamatan Rungkut,K. Mandi Dalam ·WiFi ·AC ·Kloset Duduk ·Kasur ·Akses 24 Jam ,1650000,-,1650000
Putri,Kamar penuh,Kost Pelangi  Tipe A Rungkut Surabaya,Rungkut,WiFi ·AC ·Kloset Duduk ·Kasur ·Akses 24 Jam ,1500000,-,1500000
Putri,Kamar penuh,Kost Ibu Eti 3 Rungkut Surabaya,Kecamatan Rungkut,WiFi ·AC ·Kloset Duduk ·Kasur ,1200000,-,1200000
Campur,Kamar penuh,Kost Wira Gubeng 2 Gubeng Surabaya,Gubeng,Check-in pukul 14:00-21:00 (sewa harian) ·Check-out maks. pukul 12:00 (sewa harian) ·Pasutri wajib membawa surat nikah (sewa harian) ·Wajib lampirkan KTP saat check-in (sewa harian) ·K. Mandi Dalam ·WiFi ·AC ·Kloset Duduk ·Kasur ,1800000,-,1800000
Campur,Kamar penuh,Kost Eksklusif Ngagel Tipe B Wonokromo Surabaya,Wonokromo,K. Mandi Dalam ·AC ·Kloset Duduk ·Kasur ,1750000,-,1750000
Putra,Kamar penuh,Kost Berkah Af Standart Sukolilo Surabaya,Sukolilo,Harga termasuk listrik (sewa harian) ·Maksimal 2 orang (sewa harian) ·Pasutri wajib membawa surat nikah (sewa harian) ·Tanpa deposit (sewa harian) ·Wajib lampirkan KTP saat check-in (sewa harian) ·K. Mandi Dalam ·Kasur ·Akses 24 Jam ,800000,-,800000
Putra,Kamar penuh,Kost Mutiara 1 Tipe A Gubeng Surabaya,Kecamatan Gubeng,K. Mandi Dalam ·Kasur ·Akses 24 Jam ,360000,-,360000
Putri,Kamar penuh,Kost Exclusive Ngagel Rejo Tipe B Wonokromo Surabaya,Wonokromo,Harga termasuk listrik (sewa harian) ·WiFi ·Kloset Duduk ·Kasur ,550000,-,550000
Campur,Kamar penuh,Kost Ngagel Residence Ekslusif Gubeng Surabaya,Gubeng,K. Mandi Dalam ·WiFi ·AC ·Kloset Duduk ·Kasur ·Akses 24 Jam ,2300000,-,2300000
Putra,Kamar penuh,Kost  Bu Imam Mejoyo Rungkut Surabaya,Rungkut,Harga termasuk listrik (sewa harian) ·Pasutri wajib membawa surat nikah (sewa harian) ·Wajib lampirkan KTP saat check-in (sewa harian) ·K. Mandi Dalam ·Kasur ·Akses 24 Jam ,800000,-,800000
Putra,Kamar penuh,Kost Yuk I Tipe Biasa Gubeng Surabaya,Gubeng,Check-out maks. pukul 12:00 (sewa harian) ·Tidak bisa DP (sewa harian) ·Wajib lampirkan KTP saat check-in (sewa harian) ·WiFi ·AC ·Kloset Duduk ·Kasur ·Akses 24 Jam ,1000000,-,1000000
Putri,Kamar penuh,Kost Griya Wigu 2 Executiv Wonokromo Surabaya,Wonokromo,WiFi ·AC ·Akses 24 Jam ,1450000,-,1450000
Putra,Kamar penuh,Kost Eco Sukolilo Surabaya,Kecamatan Sukolilo,WiFi ·Kasur ·Akses 24 Jam ,600000,-,600000
Putri,Kamar penuh,Kost Brabin 5C Gubeng Surabaya,Gubeng,K. Mandi Dalam ·WiFi ·AC ·Kloset Duduk ·Kasur ·Akses 24 Jam ,1000000,-,1000000
Putri,Kamar penuh,Kost Cozy Gubeng Surabaya,Kecamatan Gubeng,K. Mandi Dalam ·WiFi ·AC ·Kloset Duduk ·Kasur ,1650000,-,1650000
Putri,Kamar penuh,Kost Karyawati Mahasiswi Sukolilo Surabaya,Sukolilo,WiFi ·Kasur ·Akses 24 Jam ,850000,-,850000
Putri,Kamar penuh,Kost Muslim Klampis Tipe B Sukolilo Surabaya,Sukolilo,Harga termasuk listrik (sewa harian) ·K. Mandi Dalam ·WiFi ·Kloset Duduk ·Kasur ·Akses 24 Jam ,1300000,-,1300000
Putra,Kamar penuh,Kost Aditya Wonokromo Surabaya,Wonokromo,K. Mandi Dalam ·AC ·Kloset Duduk ·Kasur ·Akses 24 Jam ,1000000,-,1000000
Campur,Kamar penuh,Kost Abimanyu PDK Tipe A Wonocolo Surabaya,Wonocolo,K. Mandi Dalam ·WiFi ·AC ·Kloset Duduk ·Kasur ·Akses 24 Jam ,1500000,-,1500000
Putri,Kamar penuh,Kost Bedul Merisi Tipe A Wonocolo Surabaya,Wonocolo,K. Mandi Dalam ·WiFi ·Kasur ,750000,-,750000
Putra,Kamar penuh,Kost Dinda Gubeng Surabaya,Gubeng,WiFi ·AC ·Kloset Duduk ·Kasur ·Akses 24 Jam ,1750000,-,1750000
Putra,Kamar penuh,Kost Amanah Ngagel Wasana Tipe B Gubeng Surabaya,Gubeng,Kloset Duduk ·Kasur ·Akses 24 Jam ,650000,-,650000
Putra,Kamar penuh,Kost Amanah Ngagel Wasana Tipe D Gubeng Surabaya,Gubeng,WiFi ·Kasur ·Akses 24 Jam ,750000,-,750000
Putri,Kamar penuh,Kost Semolowaru Elok Tipe A Sukolilo Surabaya,Sukolilo,Kloset Duduk ·Kasur ·Akses 24 Jam ,850000,-,850000
Putri,Kamar penuh,Kost Muslimah Tipe Minimalis E Sukolilo Surabaya,Kecamatan Sukolilo,WiFi ·Kasur ,575000,-,575000
Putra,Kamar penuh,Kost Dini Ernawati Tipe AC Gubeng Surabaya,Kecamatan Gubeng,Tidak bisa DP (sewa harian) ·WiFi ·Kloset Duduk ·Kasur ·Akses 24 Jam ,1300000,-,1300000
Putri,Kamar penuh,Kost Muslimah Tipe D Sukolilo Surabaya,Kecamatan Sukolilo,WiFi ·Kasur ,600000,-,600000
Putri,Kamar penuh,Kost Muslimah Minimalist F Sukolilo Surabaya,Kecamatan Sukolilo,WiFi ·Kasur ,500000,-,500000
Putra,Kamar penuh,Kost 89 Tipe A Wonocolo Surabaya,Kecamatan Wonocolo,Kasur ·Akses 24 Jam ,500000,-,500000
Putri,Kamar penuh,Kost Imannuel Pucang Anom Gubeng Surabaya,Gubeng,WiFi ·Kloset Duduk ·Kasur ·Akses 24 Jam ,950000,-,950000
Putri,Kamar penuh,Kost Vinardian Vip Mulyorejo Surabaya,Mulyorejo,Wajib lampirkan KTP saat check-in (sewa harian) ·K. Mandi Dalam ·WiFi ·AC ·Kloset Duduk ·Kasur ·Akses 24 Jam ,1750000,-,1750000
Putri,Kamar penuh,Kost Anindya Sukolilo Surabaya,Kecamatan Sukolilo,K. Mandi Dalam ·WiFi ·AC ·Kasur ,1000000,-,1000000
Putri,Kamar penuh,Kost KDS Tipe B Sukolilo Surabaya,Kecamatan Sukolilo,WiFi ·AC ·Kloset Duduk ·Kasur ,1650000,-,1650000
Putri,Kamar penuh,Kost KDS Tipe A Sukolilo Surabaya,Kecamatan Sukolilo,K. Mandi Dalam ·WiFi ·AC ·Kloset Duduk ·Kasur ,2100000,-,2100000
Campur,Kamar penuh,Kost Panjang Jiwo 1 Tenggilis Mejoyo Surabaya,Kecamatan Tenggilis Mejoyo,Pasutri wajib membawa surat nikah (sewa harian) ·K. Mandi Dalam ·Akses 24 Jam ,900000,-,900000
Campur,Kamar penuh,Kost Intan Sukolilo Surabaya,Sukolilo,K. Mandi Dalam ·WiFi ·AC ·Kloset Duduk ·Kasur ,900000,-,900000
Putri,Kamar penuh,Kost Ubaya Ngagel Tipe B Gubeng Surabaya,Gubeng,AC ·Kloset Duduk ·Kasur ·Akses 24 Jam ,1250000,-,1250000
Campur,Kamar penuh,Kost Desta Tipe A Wonokromo Surabaya,Wonokromo,Maksimal 2 orang (sewa harian) ·Pasutri wajib membawa surat nikah (sewa harian) ·Wajib lampirkan KTP saat check-in (sewa harian) ·Kasur ·Akses 24 Jam ,500000,-,500000
Putri,Kamar penuh,Kost Wisma Tipe B Sukolilo Surabaya,Sukolilo,WiFi ·Kasur ·Akses 24 Jam ,650000,-,650000
Putri,Kamar penuh,Kost Wisma Tipe A Sukolilo Surabaya,Sukolilo,WiFi ·Kasur ·Akses 24 Jam ,650000,-,650000
Putri,Kamar penuh,Kost Semolowaru Selatan VII Tipe A Sukolilo Surabaya,Sukolilo,WiFi ·Kasur ·Akses 24 Jam ,580000,-,580000
Putri,Kamar penuh,Kost Jaya Wonokromo Surabaya,Wonokromo,K. Mandi Dalam ·WiFi ·Kloset Duduk ·Kasur ·Akses 24 Jam ,800000,-,800000
Putri,Kamar penuh,Kost Exclusive Ngagel Rejo Tipe A Wonokromo Surabaya,Wonokromo,Harga termasuk listrik (sewa harian) ·WiFi ·Kloset Duduk ·Kasur ,600000,-,600000
Putra,Kamar penuh,Kost Kasih Karunia Tipe A1 Rungkut Surabaya,Rungkut,WiFi ·AC ·Kloset Duduk ·Kasur ·Akses 24 Jam ,950000,-,950000
Putri,Kamar penuh,Kost Mitra Jaya Sukolilo Surabaya,Sukolilo,Wajib lampirkan KTP saat check-in (sewa harian) ·WiFi ·Kasur ,500000,-,500000
Putri,Kamar penuh,Kost Kamila Tipe A Sukolilo Surabaya,Kecamatan Sukolilo,Harga termasuk listrik (sewa harian) ·Wajib lampirkan KTP saat check-in (sewa harian) ·K. Mandi Dalam ·WiFi ·Kasur ·Akses 24 Jam ,700000,-,700000
Putri,Kamar penuh,Kost Dede Executive Wonokromo Surabaya,Kecamatan Wonokromo,K. Mandi Dalam ·WiFi ·AC ·Kasur ·Akses 24 Jam ,1500000,-,1500000
Campur,Kamar penuh,Kost Ngagel Tama 5153 Gubeng Surabaya,Kecamatan Gubeng,K. Mandi Dalam ·WiFi ·AC ·Kloset Duduk ·Kasur ·Akses 24 Jam ,1750000,-,1750000
Putra,Kamar penuh,Kost Risnoe Tipe Standar Wonokromo Surabaya,Wonokromo,WiFi ·Kloset Duduk ·Kasur ·Akses 24 Jam ,600000,-,600000
Campur,Kamar penuh,Kost Z Stay Wonokromo Surabaya,Wonokromo,K. Mandi Dalam ·WiFi ·AC ·Akses 24 Jam ,1700000,-,1700000
Putri,Kamar penuh,Kost Oma I Tipe 2 Wonocolo Surabaya,Kecamatan Wonocolo,K. Mandi Dalam ·WiFi ·AC ·Kloset Duduk ·Kasur ·Akses 24 Jam ,1350000,-,1350000
Putri,Kamar penuh,Kost BMS 1 Tipe 1B Wonocolo Surabaya,Kecamatan Wonocolo,WiFi ·AC ·Kloset Duduk ·Kasur ,1100000,-,1100000
Putri,Kamar penuh,Kost BMS 1 Tipe A Wonocolo Surabaya,Wonocolo,WiFi ·AC ·Kloset Duduk ·Kasur ,1250000,-,1250000
Putri,Kamar penuh,Kost Eksklusif Ngagel Tipe A Gubeng Surabaya,Gubeng,WiFi ·Kloset Duduk ·Kasur ,1600000,-,1600000
Campur,Kamar penuh,Kost Pondok Sakinah Wonokromo Surabaya,Kecamatan Wonokromo,K. Mandi Dalam ·WiFi ·Kasur ·Akses 24 Jam ,1315000,-,1315000
Putri,Kamar penuh,Kost Bu Suci Tenggilis Mejoyo Surabaya,Kecamatan Tenggilis Mejoyo,Maksimal 2 orang (sewa harian) ·K. Mandi Dalam ·WiFi ·AC ·Kloset Duduk ·Kasur ·Akses 24 Jam ,1050000,-,1050000
Campur,Kamar penuh,Kost Bu Wati Gubeng Surabaya,Gubeng,K. Mandi Dalam ·WiFi ·AC ·Kloset Duduk ·Kasur ,1300000,-,1300000
Campur,Kamar penuh,Kost Ekslusif Manyar Rejo Surabaya,Sukolilo,K. Mandi Dalam ·WiFi ·AC ·Kloset Duduk ·Kasur ·Akses 24 Jam ,1800000,-,1800000
Campur,Kamar penuh,Kost Abimanyu PDK Tipe B Wonocolo Surabaya,Wonocolo,K. Mandi Dalam ·WiFi ·AC ·Kloset Duduk ·Kasur ·Akses 24 Jam ,1700000,-,1700000
Putra,Kamar penuh,Kost  Bu Sulimah Sukolilo Surabaya,Kecamatan Sukolilo,Harga termasuk listrik (sewa harian) ·Wajib lampirkan KTP saat check-in (sewa harian) ·Kasur ,400000,-,400000
Putri,Kamar penuh,Kost Mommy ILUD Tipe A Sukolilo Surabaya,Sukolilo,Harga termasuk listrik (sewa harian) ·Maksimal 2 orang (sewa harian) ·WiFi ·Kloset Duduk ·Kasur ·Akses 24 Jam ,700000,-,700000
Putri,Kamar penuh,Kost Bu Yuyun Tipe B Wonocolo Surabaya,Kecamatan Wonocolo,WiFi ·AC ·Kasur ·Akses 24 Jam ,1400000,-,1400000
Campur,Kamar penuh,Kost Griya Utama Tipe Family Sukolilo Surabaya ,Kecamatan Sukolilo,Pasutri wajib membawa surat nikah (sewa harian) ·Wajib lampirkan KTP saat check-in (sewa harian) ·K. Mandi Dalam ·Akses 24 Jam ,1125000,-,1125000
Putri,Kamar penuh,Kost Ibam Sukolilo Surabaya,Kecamatan Sukolilo,WiFi ·Kloset Duduk ·Kasur ·Akses 24 Jam ,750000,-,750000
Putri,Kamar penuh,Kost Amanah Sukolilo Surabaya,Sukolilo,WiFi ·Kloset Duduk ·Kasur ·Akses 24 Jam ,650000,-,650000
Putra,Kamar penuh,Kost Bapak Harry Wonocolo Surabaya,Wonocolo,K. Mandi Dalam ·WiFi ·AC ·Kloset Duduk ·Kasur ·Akses 24 Jam ,1600000,-,1600000
Putri,Kamar penuh,Kost Klampis I Sukolilo Surabaya,Kecamatan Sukolilo,WiFi ·AC ·Kloset Duduk ·Kasur ,1000000,-,1000000
Putri,Kamar penuh,Kost Pondok Nirwana Merr Mom Reni Double Bed Rungkut Surabaya,Rungkut,WiFi ·AC ·Kloset Duduk ·Kasur ·Akses 24 Jam ,3200000,-,3200000
Putra,Kamar penuh,Kost Omah Wonokromo Surabaya,Wonokromo,WiFi ·AC ·Kasur ·Akses 24 Jam ,700000,-,700000
Putri,Kamar penuh,Kost Bendul Merisi Permai Eksklusif Wonocolo Surabaya,Kecamatan Wonocolo,Harga termasuk listrik (sewa harian) ·K. Mandi Dalam ·WiFi ·AC ·Kloset Duduk ·Kasur ·Akses 24 Jam ,1300000,-,1300000
Campur,Kamar penuh,Kost Manyar Indah Raya Sukolilo Surabaya,Kecamatan Sukolilo,WiFi ·AC ·Kloset Duduk ·Kasur ·Akses 24 Jam ,1700000,-,1700000
Putra,Kamar penuh,Kost D Tenggilis Mejoyo Surabaya,Tenggilis Mejoyo,Kasur ·Akses 24 Jam ,660000,-,660000
Campur,Kamar penuh,Kost NJT51 Non AC Gubeng Surabaya,Kecamatan Gubeng,K. Mandi Dalam ·WiFi ·Kloset Duduk ·Kasur ·Akses 24 Jam ,1100000,-,1100000
Putri,Kamar penuh,Kost Semolowaru Tengah Tipe Vip Sukolilo Surabaya,Kecamatan Sukolilo,K. Mandi Dalam ·WiFi ·AC ·Kloset Duduk ·Kasur ,1600000,-,1600000
Putri,Kamar penuh,Kost Gaia 2 Rungkut Surabaya,Rungkut,K. Mandi Dalam ·WiFi ·AC ·Kloset Duduk ·Kasur ·Akses 24 Jam ,1499999,-,1499999
Putri,Kamar penuh,Kost B9 Tipe A Tenggilis Mejoyo Surabaya,Kecamatan Tenggilis Mejoyo,WiFi ·Kasur ,700000,-,700000
Putra,Kamar penuh,Kost Elite Nginden Tengah Sukolilo Surabaya,Kecamatan Sukolilo,K. Mandi Dalam ·WiFi ·AC ·Kloset Duduk ·Kasur ·Akses 24 Jam ,1200000,-,1200000
Campur,Kamar penuh,Kost 105 Merr Tipe B Rungkut Surabaya,Rungkut,Kasur ·Akses 24 Jam ,500000,-,500000
Campur,Kamar penuh,Kost 105 Merr Tipe A Rungkut Surabaya,Rungkut,Kasur ·Akses 24 Jam ,450000,-,450000
Putri,Kamar penuh,Kost Sari Ayu Rungkut Surabaya,Rungkut,Kloset Duduk ·Kasur ·Akses 24 Jam ,650000,-,650000
Campur,Kamar penuh,Kost Hakare Bendul Wonocolo Surabaya,Wonocolo,WiFi ·AC ·Kloset Duduk ·Kasur ·Akses 24 Jam ,1600000,-,1600000
Campur,Kamar penuh,Kost Ngagel Madya 68 Tipe C Gubeng Surabaya,Kecamatan Gubeng,K. Mandi Dalam ·WiFi ·AC ·Kloset Duduk ·Kasur ·Akses 24 Jam ,1800000,-,1800000
Campur,Kamar penuh,Kost 104 Sukolilo Surabaya,Kecamatan Sukolilo,K. Mandi Dalam ·WiFi ·AC ·Kloset Duduk ·Kasur ·Akses 24 Jam ,1300000,-,1300000
Putri,Kamar penuh,Kost Katherine Tipe A Wonocolo Surabaya,Wonocolo,K. Mandi Dalam ·WiFi ·AC ·Kloset Duduk ·Kasur ,1150000,-,1150000
Putri,Kamar penuh,Kost Eko Sukolilo Surabaya,Kecamatan Sukolilo,WiFi ·Kasur ,550000,-,550000
Campur,Kamar penuh,Kost Bintang Anugrah Gubeng Surabaya,Kecamatan Gubeng,WiFi ·AC ·Kloset Duduk ·Kasur ·Akses 24 Jam ,1500000,-,1500000
Putri,Kamar penuh,Kost Ubaya Ngagel Tipe A Gubeng Surabaya,Gubeng,Kloset Duduk ·Kasur ·Akses 24 Jam ,800000,-,800000
Putri,Kamar penuh,Kost Muslimah Marina Sukolilo Surabaya,Kecamatan Sukolilo,K. Mandi Dalam ·WiFi ·AC ·Kloset Duduk ·Kasur ,1500000,-,1500000
Putri,Kamar penuh,Kost Ibu Wati Gubeng Surabaya,Kecamatan Gubeng,WiFi ·Kasur ·Akses 24 Jam ,600000,-,600000
Putri,Kamar penuh,Kost Salma Aqilla Tipe A1 Wonocolo Surabaya,Wonocolo,K. Mandi Dalam ·WiFi ·AC ·Kloset Duduk ·Kasur ,1000000,-,1000000
Putri,Kamar penuh,Kost Pucang Anom Tipe A Gubeng Surabaya,Gubeng,,680000,-,680000
Campur,Kamar penuh,Kost InHouse Tipe A Gubeng Surabaya,Gubeng,Pasutri wajib membawa surat nikah (sewa harian) ·K. Mandi Dalam ·WiFi ·AC ·Kloset Duduk ·Kasur ·Akses 24 Jam ,2200000,-,2200000
Putri,Kamar penuh,Kost Herawati Tipe B Sukolilo Surabaya,Kecamatan Sukolilo,Harga termasuk listrik (sewa harian) ·Maksimal 2 orang (sewa harian) ·Wajib lampirkan KTP saat check-in (sewa harian) ·WiFi ·Kloset Duduk ·Kasur ·Akses 24 Jam ,700000,-,700000
Putri,Kamar penuh,Kost Herawati Tipe A+ Sukolilo Surabaya,Kecamatan Sukolilo,Harga termasuk listrik (sewa harian) ·Maksimal 2 orang (sewa harian) ·Wajib lampirkan KTP saat check-in (sewa harian) ·WiFi ·Kloset Duduk ·Kasur ·Akses 24 Jam ,850000,-,850000
Campur,Kamar penuh,Kost Denaya Gubeng Surabaya,Kecamatan Gubeng,AC ·Kloset Duduk ·Kasur ·Akses 24 Jam ,2500000,-,2500000
Campur,Kamar penuh,Kost Cozy Executive Rungkut Surabayaa,Rungkut,WiFi ·AC ·Kloset Duduk ·Kasur ,900000,-,900000
Putra,Kamar penuh,Kost Sidik Ngagel Tirto III Wonokromo Surabaya,Wonokromo,K. Mandi Dalam ·WiFi ·Kloset Duduk ·Kasur ·Akses 24 Jam ,550000,-,550000
Putra,Kamar penuh,Kost Pratama Jaya 1 Mulyorejo Surabaya,Mulyorejo,WiFi ·AC ·Kloset Duduk ·Kasur ·Akses 24 Jam ,1000000,-,1000000
Putri,Kamar penuh,Kost Lala Sukolilo Surabaya,Sukolilo,WiFi ·Kasur ,700000,-,700000
Putri,Kamar penuh,Kost Hana 15 A Tipe B Tenggilis Mejoyo Surabaya,Tenggilis Mejoyo,Wajib lampirkan KTP saat check-in (sewa harian) ·K. Mandi Dalam ·WiFi ·AC ·Kloset Duduk ·Kasur ·Akses 24 Jam ,1200000,-,1200000
Putri,Kamar penuh,Kost Griya Pucang Sewu Gubeng Surabaya,Gubeng,K. Mandi Dalam ·WiFi ·AC ·Kloset Duduk ·Kasur ,1600000,-,1600000
Campur,Kamar penuh,Kost Jl Nginden Intan Tipe Executive Sukolilo Surabaya,Sukolilo,K. Mandi Dalam ·WiFi ·AC ·Kloset Duduk ·Kasur ·Akses 24 Jam ,2000000,-,2000000
Putra,Kamar penuh,Kost Elite Nginden Tengah Sukolilo Surabaya,Kecamatan Sukolilo,K. Mandi Dalam ·WiFi ·AC ·Kloset Duduk ·Kasur ·Akses 24 Jam ,1200000,-,1200000
Campur,Kamar penuh,Kost 105 Merr Tipe B Rungkut Surabaya,Rungkut,Kasur ·Akses 24 Jam ,500000,-,500000
Campur,Kamar penuh,Kost 105 Merr Tipe A Rungkut Surabaya,Rungkut,Kasur ·Akses 24 Jam ,450000,-,450000
Putri,Kamar penuh,Kost Sari Ayu Rungkut Surabaya,Rungkut,Kloset Duduk ·Kasur ·Akses 24 Jam ,650000,-,650000
Campur,Kamar penuh,Kost Hakare Bendul Wonocolo Surabaya,Wonocolo,WiFi ·AC ·Kloset Duduk ·Kasur ·Akses 24 Jam ,1600000,-,1600000
Campur,Kamar penuh,Kost Ngagel Madya 68 Tipe C Gubeng Surabaya,Kecamatan Gubeng,K. Mandi Dalam ·WiFi ·AC ·Kloset Duduk ·Kasur ·Akses 24 Jam ,1800000,-,1800000
Campur,Kamar penuh,Kost 104 Sukolilo Surabaya,Kecamatan Sukolilo,K. Mandi Dalam ·WiFi ·AC ·Kloset Duduk ·Kasur ·Akses 24 Jam ,1300000,-,1300000
Putri,Kamar penuh,Kost Katherine Tipe A Wonocolo Surabaya,Wonocolo,K. Mandi Dalam ·WiFi ·AC ·Kloset Duduk ·Kasur ,1150000,-,1150000
Putri,Kamar penuh,Kost Eko Sukolilo Surabaya,Kecamatan Sukolilo,WiFi ·Kasur ,550000,-,550000
Campur,Kamar penuh,Kost Bintang Anugrah Gubeng Surabaya,Kecamatan Gubeng,WiFi ·AC ·Kloset Duduk ·Kasur ·Akses 24 Jam ,1500000,-,1500000
Putri,Kamar penuh,Kost Ubaya Ngagel Tipe A Gubeng Surabaya,Gubeng,Kloset Duduk ·Kasur ·Akses 24 Jam ,800000,-,800000
Putri,Kamar penuh,Kost Muslimah Marina Sukolilo Surabaya,Kecamatan Sukolilo,K. Mandi Dalam ·WiFi ·AC ·Kloset Duduk ·Kasur ,1500000,-,1500000
Putri,Kamar penuh,Kost Ibu Wati Gubeng Surabaya,Kecamatan Gubeng,WiFi ·Kasur ·Akses 24 Jam ,600000,-,600000
Putri,Kamar penuh,Kost Salma Aqilla Tipe A1 Wonocolo Surabaya,Wonocolo,K. Mandi Dalam ·WiFi ·AC ·Kloset Duduk ·Kasur ,1000000,-,1000000
Putri,Kamar penuh,Kost Pucang Anom Tipe A Gubeng Surabaya,Gubeng,,680000,-,680000
Campur,Kamar penuh,Kost InHouse Tipe A Gubeng Surabaya,Gubeng,Pasutri wajib membawa surat nikah (sewa harian) ·K. Mandi Dalam ·WiFi ·AC ·Kloset Duduk ·Kasur ·Akses 24 Jam ,2200000,-,2200000
Putri,Kamar penuh,Kost Herawati Tipe B Sukolilo Surabaya,Kecamatan Sukolilo,Harga termasuk listrik (sewa harian) ·Maksimal 2 orang (sewa harian) ·Wajib lampirkan KTP saat check-in (sewa harian) ·WiFi ·Kloset Duduk ·Kasur ·Akses 24 Jam ,700000,-,700000
Putri,Kamar penuh,Kost Herawati Tipe A+ Sukolilo Surabaya,Kecamatan Sukolilo,Harga termasuk listrik (sewa harian) ·Maksimal 2 orang (sewa harian) ·Wajib lampirkan KTP saat check-in (sewa harian) ·WiFi ·Kloset Duduk ·Kasur ·Akses 24 Jam ,850000,-,850000
Campur,Kamar penuh,Kost Denaya Gubeng Surabaya,Kecamatan Gubeng,AC ·Kloset Duduk ·Kasur ·Akses 24 Jam ,2500000,-,2500000
Campur,Kamar penuh,Kost Cozy Executive Rungkut Surabayaa,Rungkut,WiFi ·AC ·Kloset Duduk ·Kasur ,900000,-,900000
Putri,Kamar penuh,Kost Sari Ayu Rungkut Surabaya,Rungkut,Kloset Duduk ·Kasur ·Akses 24 Jam ,650000,-,650000
Campur,Kamar penuh,Kost Hakare Bendul Wonocolo Surabaya,Wonocolo,WiFi ·AC ·Kloset Duduk ·Kasur ·Akses 24 Jam ,1600000,-,1600000
Campur,Kamar penuh,Kost Ngagel Madya 68 Tipe C Gubeng Surabaya,Kecamatan Gubeng,K. Mandi Dalam ·WiFi ·AC ·Kloset Duduk ·Kasur ·Akses 24 Jam ,1800000,-,1800000
Campur,Kamar penuh,Kost 104 Sukolilo Surabaya,Kecamatan Sukolilo,K. Mandi Dalam ·WiFi ·AC ·Kloset Duduk ·Kasur ·Akses 24 Jam ,1300000,-,1300000
Putri,Kamar penuh,Kost Katherine Tipe A Wonocolo Surabaya,Wonocolo,K. Mandi Dalam ·WiFi ·AC ·Kloset Duduk ·Kasur ,1150000,-,1150000
Putri,Kamar penuh,Kost Eko Sukolilo Surabaya,Kecamatan Sukolilo,WiFi ·Kasur ,550000,-,550000
Campur,Kamar penuh,Kost Bintang Anugrah Gubeng Surabaya,Kecamatan Gubeng,WiFi ·AC ·Kloset Duduk ·Kasur ·Akses 24 Jam ,1500000,-,1500000
Putri,Kamar penuh,Kost Ubaya Ngagel Tipe A Gubeng Surabaya,Gubeng,Kloset Duduk ·Kasur ·Akses 24 Jam ,800000,-,800000
Putri,Kamar penuh,Kost Muslimah Marina Sukolilo Surabaya,Kecamatan Sukolilo,K. Mandi Dalam ·WiFi ·AC ·Kloset Duduk ·Kasur ,1500000,-,1500000
Putri,Kamar penuh,Kost Ibu Wati Gubeng Surabaya,Kecamatan Gubeng,WiFi ·Kasur ·Akses 24 Jam ,600000,-,600000
Putri,Kamar penuh,Kost Salma Aqilla Tipe A1 Wonocolo Surabaya,Wonocolo,K. Mandi Dalam ·WiFi ·AC ·Kloset Duduk ·Kasur ,1000000,-,1000000
Putri,Kamar penuh,Kost Pucang Anom Tipe A Gubeng Surabaya,Gubeng,,680000,-,680000
Campur,Kamar penuh,Kost InHouse Tipe A Gubeng Surabaya,Gubeng,Pasutri wajib membawa surat nikah (sewa harian) ·K. Mandi Dalam ·WiFi ·AC ·Kloset Duduk ·Kasur ·Akses 24 Jam ,2200000,-,2200000
Putri,Kamar penuh,Kost Herawati Tipe B Sukolilo Surabaya,Kecamatan Sukolilo,Harga termasuk listrik (sewa harian) ·Maksimal 2 orang (sewa harian) ·Wajib lampirkan KTP saat check-in (sewa harian) ·WiFi ·Kloset Duduk ·Kasur ·Akses 24 Jam ,700000,-,700000
Putri,Kamar penuh,Kost Herawati Tipe A+ Sukolilo Surabaya,Kecamatan Sukolilo,Harga termasuk listrik (sewa harian) ·Maksimal 2 orang (sewa harian) ·Wajib lampirkan KTP saat check-in (sewa harian) ·WiFi ·Kloset Duduk ·Kasur ·Akses 24 Jam ,850000,-,850000
Campur,Kamar penuh,Kost Denaya Gubeng Surabaya,Kecamatan Gubeng,AC ·Kloset Duduk ·Kasur ·Akses 24 Jam ,2500000,-,2500000
Campur,Kamar penuh,Kost Cozy Executive Rungkut Surabayaa,Rungkut,WiFi ·AC ·Kloset Duduk ·Kasur ,900000,-,900000
Putra,Kamar penuh,Kost Sidik Ngagel Tirto III Wonokromo Surabaya,Wonokromo,K. Mandi Dalam ·WiFi ·Kloset Duduk ·Kasur ·Akses 24 Jam ,550000,-,550000
Putra,Kamar penuh,Kost Pratama Jaya 1 Mulyorejo Surabaya,Mulyorejo,WiFi ·AC ·Kloset Duduk ·Kasur ·Akses 24 Jam ,1000000,-,1000000
Putri,Kamar penuh,Kost Lala Sukolilo Surabaya,Sukolilo,WiFi ·Kasur ,700000,-,700000
Putri,Kamar penuh,Kost Semolowaru Elok Tipe A Sukolilo Surabaya,Sukolilo,Kloset Duduk ·Kasur ·Akses 24 Jam ,850000,-,850000
Putri,Kamar penuh,Kost Muslimah Tipe Minimalis E Sukolilo Surabaya,Kecamatan Sukolilo,WiFi ·Kasur ,575000,-,575000
Putra,Kamar penuh,Kost Dini Ernawati Tipe AC Gubeng Surabaya,Kecamatan Gubeng,Tidak bisa DP (sewa harian) ·WiFi ·Kloset Duduk ·Kasur ·Akses 24 Jam ,1300000,-,1300000
Putri,Kamar penuh,Kost Muslimah Tipe D Sukolilo Surabaya,Kecamatan Sukolilo,WiFi ·Kasur ,600000,-,600000
Putri,Kamar penuh,Kost Muslimah Minimalist F Sukolilo Surabaya,Kecamatan Sukolilo,WiFi ·Kasur ,500000,-,500000
Putra,Kamar penuh,Kost 89 Tipe A Wonocolo Surabaya,Kecamatan Wonocolo,Kasur ·Akses 24 Jam ,500000,-,500000
Putri,Kamar penuh,Kost Imannuel Pucang Anom Gubeng Surabaya,Gubeng,WiFi ·Kloset Duduk ·Kasur ·Akses 24 Jam ,950000,-,950000
Putri,Kamar penuh,Kost Vinardian Vip Mulyorejo Surabaya,Mulyorejo,Wajib lampirkan KTP saat check-in (sewa harian) ·K. Mandi Dalam ·WiFi ·AC ·Kloset Duduk ·Kasur ·Akses 24 Jam ,1750000,-,1750000
Putri,Kamar penuh,Kost Anindya Sukolilo Surabaya,Kecamatan Sukolilo,K. Mandi Dalam ·WiFi ·AC ·Kasur ,1000000,-,1000000
Putri,Kamar penuh,Kost KDS Tipe B Sukolilo Surabaya,Kecamatan Sukolilo,WiFi ·AC ·Kloset Duduk ·Kasur ,1650000,-,1650000
Putri,Kamar penuh,Kost KDS Tipe A Sukolilo Surabaya,Kecamatan Sukolilo,K. Mandi Dalam ·WiFi ·AC ·Kloset Duduk ·Kasur ,2100000,-,2100000
Campur,Kamar penuh,Kost Panjang Jiwo 1 Tenggilis Mejoyo Surabaya,Kecamatan Tenggilis Mejoyo,Pasutri wajib membawa surat nikah (sewa harian) ·K. Mandi Dalam ·Akses 24 Jam ,900000,-,900000
Campur,Kamar penuh,Kost Intan Sukolilo Surabaya,Sukolilo,K. Mandi Dalam ·WiFi ·AC ·Kloset Duduk ·Kasur ,900000,-,900000
Putri,Kamar penuh,Kost Ubaya Ngagel Tipe B Gubeng Surabaya,Gubeng,AC ·Kloset Duduk ·Kasur ·Akses 24 Jam ,1250000,-,1250000
Campur,Kamar penuh,Kost Desta Tipe A Wonokromo Surabaya,Wonokromo,Maksimal 2 orang (sewa harian) ·Pasutri wajib membawa surat nikah (sewa harian) ·Wajib lampirkan KTP saat check-in (sewa harian) ·Kasur ·Akses 24 Jam ,500000,-,500000
Putri,Kamar penuh,Kost Wisma Tipe B Sukolilo Surabaya,Sukolilo,WiFi ·Kasur ·Akses 24 Jam ,650000,-,650000
Putri,Kamar penuh,Kost Wisma Tipe A Sukolilo Surabaya,Sukolilo,WiFi ·Kasur ·Akses 24 Jam ,650000,-,650000
Putri,Kamar penuh,Kost Semolowaru Selatan VII Tipe A Sukolilo Surabaya,Sukolilo,WiFi ·Kasur ·Akses 24 Jam ,580000,-,580000
Putri,Kamar penuh,Kost Jaya Wonokromo Surabaya,Wonokromo,K. Mandi Dalam ·WiFi ·Kloset Duduk ·Kasur ·Akses 24 Jam ,800000,-,800000
Putri,Kamar penuh,Kost Exclusive Ngagel Rejo Tipe A Wonokromo Surabaya,Wonokromo,Harga termasuk listrik (sewa harian) ·WiFi ·Kloset Duduk ·Kasur ,600000,-,600000
Campur,Kamar penuh,Kost Eksklusif Ngagel Tipe B Wonokromo Surabaya,Wonokromo,K. Mandi Dalam ·AC ·Kloset Duduk ·Kasur ,1750000,-,1750000
Putra,Kamar penuh,Kost Berkah Af Standart Sukolilo Surabaya,Sukolilo,Harga termasuk listrik (sewa harian) ·Maksimal 2 orang (sewa harian) ·Pasutri wajib membawa surat nikah (sewa harian) ·Tanpa deposit (sewa harian) ·Wajib lampirkan KTP saat check-in (sewa harian) ·K. Mandi Dalam ·Kasur ·Akses 24 Jam ,800000,-,800000
Putra,Kamar penuh,Kost Mutiara 1 Tipe A Gubeng Surabaya,Kecamatan Gubeng,K. Mandi Dalam ·Kasur ·Akses 24 Jam ,360000,-,360000
Putri,Kamar penuh,Kost Exclusive Ngagel Rejo Tipe B Wonokromo Surabaya,Wonokromo,Harga termasuk listrik (sewa harian) ·WiFi ·Kloset Duduk ·Kasur ,550000,-,550000
Campur,Kamar penuh,Kost Ngagel Residence Ekslusif Gubeng Surabaya,Gubeng,K. Mandi Dalam ·WiFi ·AC ·Kloset Duduk ·Kasur ·Akses 24 Jam ,2300000,-,2300000
Putra,Kamar penuh,Kost  Bu Imam Mejoyo Rungkut Surabaya,Rungkut,Harga termasuk listrik (sewa harian) ·Pasutri wajib membawa surat nikah (sewa harian) ·Wajib lampirkan KTP saat check-in (sewa harian) ·K. Mandi Dalam ·Kasur ·Akses 24 Jam ,800000,-,800000
Putra,Kamar penuh,Kost Yuk I Tipe Biasa Gubeng Surabaya,Gubeng,Check-out maks. pukul 12:00 (sewa harian) ·Tidak bisa DP (sewa harian) ·Wajib lampirkan KTP saat check-in (sewa harian) ·WiFi ·AC ·Kloset Duduk ·Kasur ·Akses 24 Jam ,1000000,-,1000000
Putri,Kamar penuh,Kost Griya Wigu 2 Executiv Wonokromo Surabaya,Wonokromo,WiFi ·AC ·Akses 24 Jam ,1450000,-,1450000
Putra,Kamar penuh,Kost Eco Sukolilo Surabaya,Kecamatan Sukolilo,WiFi ·Kasur ·Akses 24 Jam ,600000,-,600000
Putri,Kamar penuh,Kost Brabin 5C Gubeng Surabaya,Gubeng,K. Mandi Dalam ·WiFi ·AC ·Kloset Duduk ·Kasur ·Akses 24 Jam ,1000000,-,1000000
Putri,Kamar penuh,Kost Cozy Gubeng Surabaya,Kecamatan Gubeng,K. Mandi Dalam ·WiFi ·AC ·Kloset Duduk ·Kasur ,1650000,-,1650000
Putri,Kamar penuh,Kost Karyawati Mahasiswi Sukolilo Surabaya,Sukolilo,WiFi ·Kasur ·Akses 24 Jam ,850000,-,850000
Putri,Kamar penuh,Kost Muslim Klampis Tipe B Sukolilo Surabaya,Sukolilo,Harga termasuk listrik (sewa harian) ·K. Mandi Dalam ·WiFi ·Kloset Duduk ·Kasur ·Akses 24 Jam ,1300000,-,1300000
Putra,Kamar penuh,Kost Aditya Wonokromo Surabaya,Wonokromo,K. Mandi Dalam ·AC ·Kloset Duduk ·Kasur ·Akses 24 Jam ,1000000,-,1000000
Campur,Kamar penuh,Kost Abimanyu PDK Tipe A Wonocolo Surabaya,Wonocolo,K. Mandi Dalam ·WiFi ·AC ·Kloset Duduk ·Kasur ·Akses 24 Jam ,1500000,-,1500000
Putri,Kamar penuh,Kost Bedul Merisi Tipe A Wonocolo Surabaya,Wonocolo,K. Mandi Dalam ·WiFi ·Kasur ,750000,-,750000
Putra,Kamar penuh,Kost Dinda Gubeng Surabaya,Gubeng,WiFi ·AC ·Kloset Duduk ·Kasur ·Akses 24 Jam ,1750000,-,1750000
Putra,Kamar penuh,Kost Amanah Ngagel Wasana Tipe B Gubeng Surabaya,Gubeng,Kloset Duduk ·Kasur ·Akses 24 Jam ,650000,-,650000
Putra,Kamar penuh,Kost Amanah Ngagel Wasana Tipe D Gubeng Surabaya,Gubeng,WiFi ·Kasur ·Akses 24 Jam ,750000,-,750000
Putri,Kamar penuh,Kost Semolowaru Elok Tipe A Sukolilo Surabaya,Sukolilo,Kloset Duduk ·Kasur ·Akses 24 Jam ,850000,-,850000
Putri,Kamar penuh,Kost Klapa Exclusive Manyar Surabaya,Sukolilo,K. Mandi Dalam ·WiFi ·AC ·Kloset Duduk ·Kasur ,2800000,-,2800000
Campur,Sisa 3 kamar,Kost Jack and Jill Executive Tenggilis Mejoyo Surabaya,Kecamatan Tenggilis Mejoyo,K. Mandi Dalam ·WiFi ·AC ·Kloset Duduk ·Kasur ,1500000,-,1500000
Campur,Kamar penuh,Kost TM 12 Tipe Non AC Rungkut Surabaya,Kecamatan Rungkut,Check-out maks. pukul 12:00 (sewa harian) ·Harga termasuk listrik (sewa harian) ·Maksimal 2 orang (sewa harian) ·Pasutri wajib membawa surat nikah (sewa harian) ·Tanpa deposit (sewa harian) ·Wajib lampirkan KTP saat check-in (sewa harian) ·WiFi ·Kloset Duduk ·Kasur ,900000,-,900000
Putri,Kamar penuh,Kost Rungkut Mejoyo Utara I Rungkut Surabaya,Rungkut,WiFi ·Kloset Duduk ·Kasur ·Akses 24 Jam ,950000,-,950000
Putra,Sisa 3 kamar,Kost JS 12 Wonokromo Surabaya,Wonokromo,WiFi ·Kloset Duduk ·Kasur ·Akses 24 Jam ,550000,-,550000
Campur,Kamar penuh,Kost Bing Cen Gubeng Surabaya,Gubeng,WiFi ·AC ·Kloset Duduk ·Kasur ·Akses 24 Jam ,850000,-,850000
Putri,Kamar penuh, Kost Herman Tipe H Wonocolo Surabaya,Wonocolo,K. Mandi Dalam ·WiFi ·Kloset Duduk ·Kasur ·Akses 24 Jam ,1250000,-,1250000
Campur,Kamar penuh,Kost Royal Tipe A Wonocolo Surabaya,Wonocolo,K. Mandi Dalam ·AC ·Kloset Duduk ·Kasur ·Akses 24 Jam ,1100000,-,1100000
Putri,Kamar penuh,Kost Pelangi Tipe D Rungkut Surabaya,Rungkut,WiFi ·AC ·Kloset Duduk ·Kasur ·Akses 24 Jam ,1240000,-,1240000
Campur,Kamar penuh,Kost Jalan Margorejo Tangsi Dekat RSAL Ayani Wonocolo Surabaya,Kecamatan Wonocolo,WiFi ·AC ·Kloset Duduk ·Kasur ·Akses 24 Jam ,1500000,-,1500000
Campur,Kamar penuh,Kost Bebas Reynaldi Tenggilis Mejoyo Surabaya,Kecamatan Tenggilis Mejoyo,K. Mandi Dalam ·WiFi ·AC ·Kloset Duduk ·Kasur ·Akses 24 Jam ,2000000,-,2000000
Campur,Kamar penuh,Kost Wira Gubeng Surabaya,Gubeng,K. Mandi Dalam ·WiFi ·AC ·Kloset Duduk ·Kasur ·Akses 24 Jam ,1900000,-,1900000
Putri,Kamar penuh,Kost Bloominghome 2 Executive Sukolilo Surabaya,Sukolilo,K. Mandi Dalam ·WiFi ·AC ·Kloset Duduk ·Kasur ,2000000,-,2000000
Putri,Kamar penuh,Kost Classy Type BA2 Tenggilis Mejoyo Surabaya,Tenggilis Mejoyo,K. Mandi Dalam ·WiFi ·AC ·Kloset Duduk ·Kasur ,2750000,-,2750000
Putri,Kamar penuh,Kost Classy Type BB 2 Tenggilis Mejoyo Surabaya,Tenggilis Mejoyo,K. Mandi Dalam ·WiFi ·AC ·Kloset Duduk ·Kasur ,2700000,-,2700000
Campur,Kamar penuh,Kost Bentul Wonokromo Surabaya,Wonokromo,K. Mandi Dalam ·WiFi ·AC ·Kloset Duduk ·Kasur ,1900000,-,1900000
Putri,Kamar penuh,Kost Classy Tipe D1 Tenggilis Mejoyo Surabaya,Tenggilis Mejoyo,K. Mandi Dalam ·WiFi ·AC ·Kloset Duduk ·Kasur ,2750000,-,2750000
Campur,Kamar penuh,Kost Barat Gubeng Surabaya,Gubeng,K. Mandi Dalam ·AC ·Kasur ·Akses 24 Jam ,1700000,-,1700000
Campur,Kamar penuh,Kost Timur Gubeng Surabaya,Gubeng,K. Mandi Dalam ·AC ·Kloset Duduk ·Akses 24 Jam ,1300000,-,1300000
Putri,Kamar penuh,Kost Putri Lily 1 Tipe B Gubeng Surabaya,Gubeng,K. Mandi Dalam ·Kloset Duduk ·Kasur ,600000,-,600000
Campur,Kamar penuh,Kost Kosakata Residence Sukolilo Surabaya,Sukolilo,K. Mandi Dalam ·WiFi ·AC ·Kloset Duduk ·Kasur ·Akses 24 Jam ,1250000,-,1250000
Putri,Kamar penuh,Kost Classy Type BA 1 Tenggilis Mejoyo Surabaya,Tenggilis Mejoyo,K. Mandi Dalam ·WiFi ·AC ·Kloset Duduk ·Kasur ,2775000,-,2775000
Campur,Kamar penuh,Kost Sila House Tipe C Tenggilis Mejoyo Surabaya,Kecamatan Tenggilis Mejoyo,Pasutri wajib membawa surat nikah (sewa harian) ·K. Mandi Dalam ·WiFi ·AC ·Kloset Duduk ·Kasur ·Akses 24 Jam ,2100000,-,2100000
Putri,Kamar penuh,Kost Semolowaru Praja Tipe Non Ac2 Sukolilo Surabaya,Sukolilo,Wajib lampirkan KTP saat check-in (sewa harian) ·WiFi ·Kasur ,850000,-,850000
Putri,Kamar penuh,Kost Bersih Sukolilo Surabaya,Kecamatan Sukolilo,WiFi ·Kasur ·Akses 24 Jam ,625000,-,625000
Putri,Kamar penuh,Kost Seger Hardiman Sukolilo Surabaya,Sukolilo,WiFi ·Kasur ,750000,-,750000
Campur,Kamar penuh,Kost Bu Yana VVIP 2 Gubeng Surabaya,Gubeng,K. Mandi Dalam ·WiFi ·AC ·Kloset Duduk ·Kasur ·Akses 24 Jam ,1975000,-,1975000
Campur,Kamar penuh,Kost Executive Tipe A Wonocolo Surabaya,Wonocolo,AC ·Kloset Duduk ·Kasur ,1000000,-,1000000
Putra,Kamar penuh,Kost Bu Eti 1 Tipe A Raya Tenggilis Surabaya,Rungkut,AC ·Kloset Duduk ·Kasur ,900000,-,900000
Putra,Kamar penuh,Kost Bu Eti 1 Tipe B Raya Tenggilis Surabaya,Rungkut,AC ·Kloset Duduk ·Kasur ,900000,-,900000
Putri,Kamar penuh,Kost Amarilis Wonokromo Surabaya,Kecamatan Wonokromo,WiFi ·Kloset Duduk ·Kasur ,1200000,-,1200000
Campur,Kamar penuh,Kost Prapen Tenggilis Mejoyo Surabaya,Kecamatan Tenggilis Mejoyo,AC ·Kloset Duduk ·Kasur ·Akses 24 Jam ,650000,-,650000
Putri,Kamar penuh,Kost Pelangi Tenggilis Tipe Ac Rungkut Surabaya,Kecamatan Rungkut,WiFi ·AC ·Kloset Duduk ·Kasur ·Akses 24 Jam ,1300000,-,1300000
Putri,Kamar penuh,Kost Pelangi  Tipe B Rungkut Surabaya,Rungkut,WiFi ·AC ·Kloset Duduk ·Kasur ·Akses 24 Jam ,1265000,-,1265000
Putri,Kamar penuh,Kost Pelangi Tenggilis Tipe A1 Rungkut Surabaya,Rungkut,WiFi ·AC ·Kloset Duduk ·Kasur ·Akses 24 Jam ,1300000,-,1300000
Putri,Kamar penuh,Kost Pelangi Rungkut Surabaya,Rungkut,WiFi ·Kloset Duduk ·Kasur ·Akses 24 Jam ,890000,-,890000
Putri,Kamar penuh,Kost Pelangi Tipe C Rungkut Surabaya,Rungkut,WiFi ·AC ·Kloset Duduk ·Kasur ·Akses 24 Jam ,1240000,-,1240000
Campur,Kamar penuh,Kost Keluarga Rungkut Surabaya,Kecamatan Rungkut,K. Mandi Dalam ·WiFi ·AC ·Kloset Duduk ·Kasur ,3000000,-,3000000
Putri,Kamar penuh,Kost Kampus Ubaya Tipe B Rungkut Surabaya,Kecamatan Rungkut,K. Mandi Dalam ·WiFi ·AC ·Kloset Duduk ·Kasur ,3000000,-,3000000
Putri,Kamar penuh,Kost Kampus Ubaya Tipe A Rungkut Surabaya,Kecamatan Rungkut,WiFi ·AC ·Kloset Duduk ·Kasur ·Akses 24 Jam ,1240000,-,1240000
Putra,Sisa 1 kamar,Kost Apik UBAYA Si Mbok Tipe B Rungkut Surabaya,Kecamatan Rungkut,K. Mandi Dalam ·WiFi ·AC ·Kloset Duduk ·Kasur ·Akses 24 Jam ,2370000,10%,2133000
Putri,Sisa 4 kamar,Kost Apik Lily II Tipe C Sukolilo Surabaya,Sukolilo,WiFi ·Kloset Duduk ·Kasur ·Akses 24 Jam ,860000,5%,817000
Putri,Sisa 2 kamar,Kost Apik Lily II Tipe A Sukolilo Surabaya,Sukolilo,WiFi ·Kloset Duduk ·Kasur ·Akses 24 Jam ,1054500,5%,1001775
Putri,Sisa 3 kamar,Kost Apik Lily II Tipe B Sukolilo Surabaya,Sukolilo,WiFi ·Kloset Duduk ·Kasur ·Akses 24 Jam ,971250,5%,922688
Campur,Kamar penuh,Kost Apik UBAYA 72 Tipe C Tenggilis Mejoyo Surabaya,Tenggilis Mejoyo,K. Mandi Dalam ·AC ·Kloset Duduk ·Kasur ·Akses 24 Jam ,1400000,10%,1260000
Campur,Sisa 1 kamar,Kost Apik UBAYA 72 Tipe A Tenggilis Mejoyo Surabaya,Tenggilis Mejoyo,K. Mandi Dalam ·AC ·Kloset Duduk ·Kasur ·Akses 24 Jam ,2000000,10%,1800000
Campur,Kamar penuh,Kost Apik UBAYA 72 Tipe B Tenggilis Mejoyo Surabaya,Tenggilis Mejoyo,K. Mandi Dalam ·AC ·Kloset Duduk ·Kasur ·Akses 24 Jam ,1877000,10%,1689300
Putri,Sisa 2 kamar,Kost Apik Ai 11 Tipe B Rungkut Surabaya,Rungkut,WiFi ·Kloset Duduk ·Kasur ,850000,-,850000
Putri,Kamar penuh,Kost Apik Ai 11 Tipe A Rungkut Surabaya,Rungkut,WiFi ·AC ·Kloset Duduk ·Kasur ,1300000,-,1300000
Putri,Sisa 1 kamar,Kost Singgahsini Rumah Soerya Tipe C Semolowaru Surabaya,Sukolilo,K. Mandi Dalam ·WiFi ·AC ·Kloset Duduk ·Kasur ·Akses 24 Jam ,2000000,-,2000000
Campur,Kamar penuh,Kost Crystal Guest House Tipe A Sukolilo Surabaya,Sukolilo,Pasutri wajib membawa surat nikah (sewa harian) ·Wajib lampirkan KTP saat check-in (sewa harian) ·K. Mandi Dalam ·WiFi ·AC ·Kloset Duduk ·Kasur ·Akses 24 Jam ,2500000,-,2500000
Putra,Kamar penuh,Kost Ferkyta Tipe A Wonokromo Surabaya,Wonokromo,WiFi ·AC ·Kloset Duduk ·Kasur ·Akses 24 Jam ,1100000,-,1100000
Putra,Kamar penuh,Kost Ferkyta Tipe B Wonokromo Surabaya,Wonokromo,Tanpa deposit (sewa harian) ·Tidak bisa DP (sewa harian) ·WiFi ·AC ·Kloset Duduk ·Kasur ·Akses 24 Jam ,1000000,-,1000000
Putri,Kamar penuh,Kost Semolowaru Timur Gg XI Tipe A Sukolilo Surabaya,Sukolilo,WiFi ·Kasur ·Akses 24 Jam ,950000,-,950000
Putri,Kamar penuh,Kost Dekat ITS Surabaya Sukolilo Surabaya,Kecamatan Sukolilo,WiFi ·AC ·Kloset Duduk ·Kasur ,1300000,-,1300000
Campur,Kamar penuh,Kost Dekat UBAYA Kalirungkut Tenggilis Mejoyo Surabaya,Kecamatan Tenggilis Mejoyo,K. Mandi Dalam ·AC ·Kloset Duduk ·Kasur ,1250000,-,1250000
Putri,Kamar penuh,Kost Semolowaru Praja Tipe AC2 Sukolilo Surabaya,Sukolilo,Wajib lampirkan KTP saat check-in (sewa harian) ·WiFi ·AC ·Kasur ,1400000,-,1400000
Putri,Kamar penuh,Kost Semolowaru Praja Tipe AC Sukolilo Surabaya,Sukolilo,Wajib lampirkan KTP saat check-in (sewa harian) ·WiFi ·AC ·Kasur ,1400000,-,1400000
Putra,Kamar penuh,Kost Ceria Residence Rungkut Surabaya,Rungkut,WiFi ·AC ·Kasur ,1200000,-,1200000
Putra,Kamar penuh,Kost Baratajaya V Gubeng Surabaya,Gubeng,WiFi ·AC ·Kloset Duduk ·Kasur ·Akses 24 Jam ,1500000,-,1500000
Putra,Kamar penuh,Kost Play Ubaya Rungkut Surabaya,Rungkut,AC ·Kloset Duduk ·Kasur ·Akses 24 Jam ,1350000,-,1350000
Putri,Kamar penuh,Kost Pucang Jajar Selatan Tipe A Gubeng Surabaya,Gubeng,K. Mandi Dalam ·WiFi ·AC ·Kloset Duduk ·Kasur ,1700000,-,1700000
Putri,Kamar penuh,Kost Klapa Exclusive Manyar Surabaya,Sukolilo,K. Mandi Dalam ·WiFi ·AC ·Kloset Duduk ·Kasur ,2800000,-,2800000
Campur,Sisa 3 kamar,Kost Jack and Jill Executive Tenggilis Mejoyo Surabaya,Kecamatan Tenggilis Mejoyo,K. Mandi Dalam ·WiFi ·AC ·Kloset Duduk ·Kasur ,1500000,-,1500000
Campur,Kamar penuh,Kost TM 12 Tipe Non AC Rungkut Surabaya,Kecamatan Rungkut,Check-out maks. pukul 12:00 (sewa harian) ·Harga termasuk listrik (sewa harian) ·Maksimal 2 orang (sewa harian) ·Pasutri wajib membawa surat nikah (sewa harian) ·Tanpa deposit (sewa harian) ·Wajib lampirkan KTP saat check-in (sewa harian) ·WiFi ·Kloset Duduk ·Kasur ,900000,-,900000
Putri,Kamar penuh,Kost Rungkut Mejoyo Utara I Rungkut Surabaya,Rungkut,WiFi ·Kloset Duduk ·Kasur ·Akses 24 Jam ,950000,-,950000
Putra,Sisa 3 kamar,Kost JS 12 Wonokromo Surabaya,Wonokromo,WiFi ·Kloset Duduk ·Kasur ·Akses 24 Jam ,550000,-,550000
Campur,Kamar penuh,Kost Bing Cen Gubeng Surabaya,Gubeng,WiFi ·AC ·Kloset Duduk ·Kasur ·Akses 24 Jam ,850000,-,850000
Putri,Kamar penuh, Kost Herman Tipe H Wonocolo Surabaya,Wonocolo,K. Mandi Dalam ·WiFi ·Kloset Duduk ·Kasur ·Akses 24 Jam ,1250000,-,1250000
Campur,Kamar penuh,Kost Royal Tipe A Wonocolo Surabaya,Wonocolo,K. Mandi Dalam ·AC ·Kloset Duduk ·Kasur ·Akses 24 Jam ,1100000,-,1100000
Putri,Kamar penuh,Kost Pelangi Tipe D Rungkut Surabaya,Rungkut,WiFi ·AC ·Kloset Duduk ·Kasur ·Akses 24 Jam ,1240000,-,1240000
Campur,Kamar penuh,Kost Jalan Margorejo Tangsi Dekat RSAL Ayani Wonocolo Surabaya,Kecamatan Wonocolo,WiFi ·AC ·Kloset Duduk ·Kasur ·Akses 24 Jam ,1500000,-,1500000
Campur,Kamar penuh,Kost Bebas Reynaldi Tenggilis Mejoyo Surabaya,Kecamatan Tenggilis Mejoyo,K. Mandi Dalam ·WiFi ·AC ·Kloset Duduk ·Kasur ·Akses 24 Jam ,2000000,-,2000000
Campur,Kamar penuh,Kost Wira Gubeng Surabaya,Gubeng,K. Mandi Dalam ·WiFi ·AC ·Kloset Duduk ·Kasur ·Akses 24 Jam ,1900000,-,1900000
Putri,Kamar penuh,Kost Bloominghome 2 Executive Sukolilo Surabaya,Sukolilo,K. Mandi Dalam ·WiFi ·AC ·Kloset Duduk ·Kasur ,2000000,-,2000000
Putri,Kamar penuh,Kost Classy Type BA2 Tenggilis Mejoyo Surabaya,Tenggilis Mejoyo,K. Mandi Dalam ·WiFi ·AC ·Kloset Duduk ·Kasur ,2750000,-,2750000
Putri,Kamar penuh,Kost Classy Type BB 2 Tenggilis Mejoyo Surabaya,Tenggilis Mejoyo,K. Mandi Dalam ·WiFi ·AC ·Kloset Duduk ·Kasur ,2700000,-,2700000
Campur,Kamar penuh,Kost Bentul Wonokromo Surabaya,Wonokromo,K. Mandi Dalam ·WiFi ·AC ·Kloset Duduk ·Kasur ,1900000,-,1900000
Putri,Kamar penuh,Kost Classy Tipe D1 Tenggilis Mejoyo Surabaya,Tenggilis Mejoyo,K. Mandi Dalam ·WiFi ·AC ·Kloset Duduk ·Kasur ,2750000,-,2750000
Campur,Kamar penuh,Kost Barat Gubeng Surabaya,Gubeng,K. Mandi Dalam ·AC ·Kasur ·Akses 24 Jam ,1700000,-,1700000
Campur,Kamar penuh,Kost Wira Gubeng 2 Gubeng Surabaya,Gubeng,Check-in pukul 14:00-21:00 (sewa harian) ·Check-out maks. pukul 12:00 (sewa harian) ·Pasutri wajib membawa surat nikah (sewa harian) ·Wajib lampirkan KTP saat check-in (sewa harian) ·K. Mandi Dalam ·WiFi ·AC ·Kloset Duduk ·Kasur ,1800000,-,1800000
Campur,Kamar penuh,Kost Eksklusif Ngagel Tipe B Wonokromo Surabaya,Wonokromo,K. Mandi Dalam ·AC ·Kloset Duduk ·Kasur ,1750000,-,1750000
Putra,Kamar penuh,Kost Berkah Af Standart Sukolilo Surabaya,Sukolilo,Harga termasuk listrik (sewa harian) ·Maksimal 2 orang (sewa harian) ·Pasutri wajib membawa surat nikah (sewa harian) ·Tanpa deposit (sewa harian) ·Wajib lampirkan KTP saat check-in (sewa harian) ·K. Mandi Dalam ·Kasur ·Akses 24 Jam ,800000,-,800000
Putra,Kamar penuh,Kost Mutiara 1 Tipe A Gubeng Surabaya,Kecamatan Gubeng,K. Mandi Dalam ·Kasur ·Akses 24 Jam ,360000,-,360000
Putri,Kamar penuh,Kost Exclusive Ngagel Rejo Tipe B Wonokromo Surabaya,Wonokromo,Harga termasuk listrik (sewa harian) ·WiFi ·Kloset Duduk ·Kasur ,550000,-,550000
Campur,Kamar penuh,Kost Ngagel Residence Ekslusif Gubeng Surabaya,Gubeng,K. Mandi Dalam ·WiFi ·AC ·Kloset Duduk ·Kasur ·Akses 24 Jam ,2300000,-,2300000
Putra,Kamar penuh,Kost  Bu Imam Mejoyo Rungkut Surabaya,Rungkut,Harga termasuk listrik (sewa harian) ·Pasutri wajib membawa surat nikah (sewa harian) ·Wajib lampirkan KTP saat check-in (sewa harian) ·K. Mandi Dalam ·Kasur ·Akses 24 Jam ,800000,-,800000
Putra,Kamar penuh,Kost Yuk I Tipe Biasa Gubeng Surabaya,Gubeng,Check-out maks. pukul 12:00 (sewa harian) ·Tidak bisa DP (sewa harian) ·Wajib lampirkan KTP saat check-in (sewa harian) ·WiFi ·AC ·Kloset Duduk ·Kasur ·Akses 24 Jam ,1000000,-,1000000
Putri,Kamar penuh,Kost Griya Wigu 2 Executiv Wonokromo Surabaya,Wonokromo,WiFi ·AC ·Akses 24 Jam ,1450000,-,1450000
Putra,Kamar penuh,Kost Eco Sukolilo Surabaya,Kecamatan Sukolilo,WiFi ·Kasur ·Akses 24 Jam ,600000,-,600000
Putri,Kamar penuh,Kost Brabin 5C Gubeng Surabaya,Gubeng,K. Mandi Dalam ·WiFi ·AC ·Kloset Duduk ·Kasur ·Akses 24 Jam ,1000000,-,1000000
Putri,Kamar penuh,Kost Cozy Gubeng Surabaya,Kecamatan Gubeng,K. Mandi Dalam ·WiFi ·AC ·Kloset Duduk ·Kasur ,1650000,-,1650000
Putri,Kamar penuh,Kost Karyawati Mahasiswi Sukolilo Surabaya,Sukolilo,WiFi ·Kasur ·Akses 24 Jam ,850000,-,850000
Putri,Kamar penuh,Kost Muslim Klampis Tipe B Sukolilo Surabaya,Sukolilo,Harga termasuk listrik (sewa harian) ·K. Mandi Dalam ·WiFi ·Kloset Duduk ·Kasur ·Akses 24 Jam ,1300000,-,1300000
Putra,Kamar penuh,Kost Aditya Wonokromo Surabaya,Wonokromo,K. Mandi Dalam ·AC ·Kloset Duduk ·Kasur ·Akses 24 Jam ,1000000,-,1000000
Campur,Kamar penuh,Kost Abimanyu PDK Tipe A Wonocolo Surabaya,Wonocolo,K. Mandi Dalam ·WiFi ·AC ·Kloset Duduk ·Kasur ·Akses 24 Jam ,1500000,-,1500000
Putri,Kamar penuh,Kost Bedul Merisi Tipe A Wonocolo Surabaya,Wonocolo,K. Mandi Dalam ·WiFi ·Kasur ,750000,-,750000
Putra,Kamar penuh,Kost Dinda Gubeng Surabaya,Gubeng,WiFi ·AC ·Kloset Duduk ·Kasur ·Akses 24 Jam ,1750000,-,1750000
Putra,Kamar penuh,Kost Amanah Ngagel Wasana Tipe B Gubeng Surabaya,Gubeng,Kloset Duduk ·Kasur ·Akses 24 Jam ,650000,-,650000
Putra,Kamar penuh,Kost Amanah Ngagel Wasana Tipe D Gubeng Surabaya,Gubeng,WiFi ·Kasur ·Akses 24 Jam ,750000,-,750000
Putri,Kamar penuh,Kost Apik Mitra Jaya Bratang Tipe A Wonokromo Surabaya,Kecamatan Wonokromo,WiFi ·Kasur ·Akses 24 Jam ,850000,10%,765000
Campur,Sisa 1 kamar,Kost Apik Ubaya KH 12 Tipe A Rungkut Surabaya,Kecamatan Rungkut,WiFi ·AC ·Kloset Duduk ·Kasur ,1312000,5%,1246400
Putra,Kamar penuh,Kost Apik UBAYA Si Mbok Tipe A Rungkut Surabaya,Kecamatan Rungkut,K. Mandi Dalam ·WiFi ·AC ·Kloset Duduk ·Kasur ·Akses 24 Jam ,1650000,10%,1485000
Putra,Sisa 1 kamar,Kost Apik UBAYA Si Mbok Tipe B Rungkut Surabaya,Kecamatan Rungkut,K. Mandi Dalam ·WiFi ·AC ·Kloset Duduk ·Kasur ·Akses 24 Jam ,2370000,10%,2133000
Putri,Sisa 4 kamar,Kost Apik Lily II Tipe C Sukolilo Surabaya,Sukolilo,WiFi ·Kloset Duduk ·Kasur ·Akses 24 Jam ,860000,5%,817000
Putri,Sisa 2 kamar,Kost Apik Lily II Tipe A Sukolilo Surabaya,Sukolilo,WiFi ·Kloset Duduk ·Kasur ·Akses 24 Jam ,1054500,5%,1001775
Putri,Sisa 3 kamar,Kost Apik Lily II Tipe B Sukolilo Surabaya,Sukolilo,WiFi ·Kloset Duduk ·Kasur ·Akses 24 Jam ,971250,5%,922688
Campur,Kamar penuh,Kost Apik UBAYA 72 Tipe C Tenggilis Mejoyo Surabaya,Tenggilis Mejoyo,K. Mandi Dalam ·AC ·Kloset Duduk ·Kasur ·Akses 24 Jam ,1400000,10%,1260000
Campur,Sisa 1 kamar,Kost Apik UBAYA 72 Tipe A Tenggilis Mejoyo Surabaya,Tenggilis Mejoyo,K. Mandi Dalam ·AC ·Kloset Duduk ·Kasur ·Akses 24 Jam ,2000000,10%,1800000
Campur,Kamar penuh,Kost Apik UBAYA 72 Tipe B Tenggilis Mejoyo Surabaya,Tenggilis Mejoyo,K. Mandi Dalam ·AC ·Kloset Duduk ·Kasur ·Akses 24 Jam ,1877000,10%,1689300
Putri,Sisa 2 kamar,Kost Apik Ai 11 Tipe B Rungkut Surabaya,Rungkut,WiFi ·Kloset Duduk ·Kasur ,850000,-,850000
Putri,Kamar penuh,Kost Apik Ai 11 Tipe A Rungkut Surabaya,Rungkut,WiFi ·AC ·Kloset Duduk ·Kasur ,1300000,-,1300000
Putri,Sisa 1 kamar,Kost Singgahsini Rumah Soerya Tipe C Semolowaru Surabaya,Sukolilo,K. Mandi Dalam ·WiFi ·AC ·Kloset Duduk ·Kasur ·Akses 24 Jam ,2000000,-,2000000
Campur,Kamar penuh,Kost Crystal Guest House Tipe A Sukolilo Surabaya,Sukolilo,Pasutri wajib membawa surat nikah (sewa harian) ·Wajib lampirkan KTP saat check-in (sewa harian) ·K. Mandi Dalam ·WiFi ·AC ·Kloset Duduk ·Kasur ·Akses 24 Jam ,2500000,-,2500000
Putra,Kamar penuh,Kost Ferkyta Tipe A Wonokromo Surabaya,Wonokromo,WiFi ·AC ·Kloset Duduk ·Kasur ·Akses 24 Jam ,1100000,-,1100000
Putra,Kamar penuh,Kost Ferkyta Tipe B Wonokromo Surabaya,Wonokromo,Tanpa deposit (sewa harian) ·Tidak bisa DP (sewa harian) ·WiFi ·AC ·Kloset Duduk ·Kasur ·Akses 24 Jam ,1000000,-,1000000
Putri,Kamar penuh,Kost Semolowaru Timur Gg XI Tipe A Sukolilo Surabaya,Sukolilo,WiFi ·Kasur ·Akses 24 Jam ,950000,-,950000
Putri,Kamar penuh,Kost Dekat ITS Surabaya Sukolilo Surabaya,Kecamatan Sukolilo,WiFi ·AC ·Kloset Duduk ·Kasur ,1300000,-,1300000
Campur,Kamar penuh,Kost Dekat UBAYA Kalirungkut Tenggilis Mejoyo Surabaya,Kecamatan Tenggilis Mejoyo,K. Mandi Dalam ·AC ·Kloset Duduk ·Kasur ,1250000,-,1250000
Putri,Kamar penuh,Kost Semolowaru Praja Tipe AC2 Sukolilo Surabaya,Sukolilo,Wajib lampirkan KTP saat check-in (sewa harian) ·WiFi ·AC ·Kasur ,1400000,-,1400000
Putra,Kamar penuh,Kost Ferkyta Tipe A Wonokromo Surabaya,Wonokromo,WiFi ·AC ·Kloset Duduk ·Kasur ·Akses 24 Jam ,1100000,-,1100000
Putra,Kamar penuh,Kost Ferkyta Tipe B Wonokromo Surabaya,Wonokromo,Tanpa deposit (sewa harian) ·Tidak bisa DP (sewa harian) ·WiFi ·AC ·Kloset Duduk ·Kasur ·Akses 24 Jam ,1000000,-,1000000
Putri,Kamar penuh,Kost Semolowaru Timur Gg XI Tipe A Sukolilo Surabaya,Sukolilo,WiFi ·Kasur ·Akses 24 Jam ,950000,-,950000
Putri,Kamar penuh,Kost Dekat ITS Surabaya Sukolilo Surabaya,Kecamatan Sukolilo,WiFi ·AC ·Kloset Duduk ·Kasur ,1300000,-,1300000
Campur,Kamar penuh,Kost Dekat UBAYA Kalirungkut Tenggilis Mejoyo Surabaya,Kecamatan Tenggilis Mejoyo,K. Mandi Dalam ·AC ·Kloset Duduk ·Kasur ,1250000,-,1250000
Putri,Kamar penuh,Kost Semolowaru Praja Tipe AC2 Sukolilo Surabaya,Sukolilo,Wajib lampirkan KTP saat check-in (sewa harian) ·WiFi ·AC ·Kasur ,1400000,-,1400000
Putri,Kamar penuh,Kost Semolowaru Praja Tipe AC Sukolilo Surabaya,Sukolilo,Wajib lampirkan KTP saat check-in (sewa harian) ·WiFi ·AC ·Kasur ,1400000,-,1400000
Putra,Kamar penuh,Kost Ceria Residence Rungkut Surabaya,Rungkut,WiFi ·AC ·Kasur ,1200000,-,1200000
Putra,Kamar penuh,Kost Baratajaya V Gubeng Surabaya,Gubeng,WiFi ·AC ·Kloset Duduk ·Kasur ·Akses 24 Jam ,1500000,-,1500000
Campur,Kamar penuh, Kost Exclusive Tenggilis Timur  Tipe B Surabaya,Tenggilis Mejoyo,K. Mandi Dalam ·WiFi ·AC ·Kloset Duduk ·Kasur ·Akses 24 Jam ,2400000,-,2400000
Campur,Kamar penuh,Kost Exclusive Tenggilis Timur Tipe A Tenggilis Mejoyo Surabaya,Tenggilis Mejoyo,Harga termasuk listrik (sewa harian) ·Wajib lampirkan KTP saat check-in (sewa harian) ·K. Mandi Dalam ·WiFi ·AC ·Kloset Duduk ·Kasur ·Akses 24 Jam ,1800000,-,1800000
Campur,Kamar penuh,Kost 3M Tipe Executive Tenggilis Mejoyo Surabaya,Tenggilis Mejoyo,Wajib lampirkan KTP saat check-in (sewa harian) ·K. Mandi Dalam ·WiFi ·AC ·Kloset Duduk ·Kasur ·Akses 24 Jam ,1500000,-,1500000
Putri,Kamar penuh,Kost Nita Wonokromo Surabaya,Kecamatan Wonokromo,K. Mandi Dalam ·WiFi ·AC ·Kloset Duduk ·Kasur ,1600000,-,1600000
Campur,Kamar penuh,Kost Premium Wonokromo Surabaya,Wonokromo,WiFi ·AC ·Kloset Duduk ·Kasur ,1800000,-,1800000
Campur,Kamar penuh,Kost Graha Aashritha 1 Sukolilo Surabaya,Kecamatan Sukolilo,Check-in pukul 14:00-21:00 (sewa harian) ·Check-out maks. pukul 12:00 (sewa harian) ·Harga termasuk listrik (sewa harian) ·Wajib lampirkan KTP saat check-in (sewa harian) ·Tanpa deposit (sewa harian) ·K. Mandi Dalam ·AC ·Kloset Duduk ·Kasur ·Akses 24 Jam ,2750000,-,2750000
Campur,Kamar penuh,Kost New Kosakata Executive Tenggilis Mejoyo Surabaya,Tenggilis Mejoyo,K. Mandi Dalam ·WiFi ·AC ·Kasur ,1600000,-,1600000
Campur,Kamar penuh,Kost Classy Sidosermo Wonocolo Surabaya,Wonocolo,K. Mandi Dalam ·WiFi ·AC ·Kloset Duduk ·Kasur ,1400000,-,1400000
Putra,Kamar penuh,Kost Rms R9 Rungkut Surabaya,Rungkut,Wajib lampirkan KTP saat check-in (sewa harian) ·WiFi ·AC ·Kloset Duduk ·Kasur ·Akses 24 Jam ,1002200,-,1002200
Putri,Kamar penuh,Kost House of Sasha Sukolilo Surabaya,Sukolilo,K. Mandi Dalam ·WiFi ·AC ·Kloset Duduk ·Kasur ,900000,-,900000
Putri,Kamar penuh,Kost Maharani Semolowaru Tengah Sukolilo Surabaya,Kecamatan Sukolilo,K. Mandi Dalam ·WiFi ·AC ·Kloset Duduk ·Kasur ·Akses 24 Jam ,900000,-,900000
Putri,Kamar penuh,Kost Dekat ITS Surabaya Sukolilo Surabaya,Kecamatan Sukolilo,WiFi ·AC ·Kloset Duduk ·Kasur ,1300000,-,1300000
Campur,Kamar penuh,Kost Dekat UBAYA Kalirungkut Tenggilis Mejoyo Surabaya,Kecamatan Tenggilis Mejoyo,K. Mandi Dalam ·AC ·Kloset Duduk ·Kasur ,1250000,-,1250000
Putri,Kamar penuh,Kost Semolowaru Praja Tipe AC2 Sukolilo Surabaya,Sukolilo,Wajib lampirkan KTP saat check-in (sewa harian) ·WiFi ·AC ·Kasur ,1400000,-,1400000
Putri,Kamar penuh,Kost Semolowaru Praja Tipe AC Sukolilo Surabaya,Sukolilo,Wajib lampirkan KTP saat check-in (sewa harian) ·WiFi ·AC ·Kasur ,1400000,-,1400000
Putra,Kamar penuh,Kost Ceria Residence Rungkut Surabaya,Rungkut,WiFi ·AC ·Kasur ,1200000,-,1200000
Putra,Kamar penuh,Kost Baratajaya V Gubeng Surabaya,Gubeng,WiFi ·AC ·Kloset Duduk ·Kasur ·Akses 24 Jam ,1500000,-,1500000
Campur,Kamar penuh, Kost Exclusive Tenggilis Timur  Tipe B Surabaya,Tenggilis Mejoyo,K. Mandi Dalam ·WiFi ·AC ·Kloset Duduk ·Kasur ·Akses 24 Jam ,2400000,-,2400000
Campur,Kamar penuh,Kost Exclusive Tenggilis Timur Tipe A Tenggilis Mejoyo Surabaya,Tenggilis Mejoyo,Harga termasuk listrik (sewa harian) ·Wajib lampirkan KTP saat check-in (sewa harian) ·K. Mandi Dalam ·WiFi ·AC ·Kloset Duduk ·Kasur ·Akses 24 Jam ,1800000,-,1800000
Campur,Kamar penuh,Kost 3M Tipe Executive Tenggilis Mejoyo Surabaya,Tenggilis Mejoyo,Wajib lampirkan KTP saat check-in (sewa harian) ·K. Mandi Dalam ·WiFi ·AC ·Kloset Duduk ·Kasur ·Akses 24 Jam ,1500000,-,1500000
Putri,Kamar penuh,Kost Nita Wonokromo Surabaya,Kecamatan Wonokromo,K. Mandi Dalam ·WiFi ·AC ·Kloset Duduk ·Kasur ,1600000,-,1600000
Campur,Kamar penuh,Kost Premium Wonokromo Surabaya,Wonokromo,WiFi ·AC ·Kloset Duduk ·Kasur ,1800000,-,1800000
Campur,Kamar penuh,Kost Graha Aashritha 1 Sukolilo Surabaya,Kecamatan Sukolilo,Check-in pukul 14:00-21:00 (sewa harian) ·Check-out maks. pukul 12:00 (sewa harian) ·Harga termasuk listrik (sewa harian) ·Wajib lampirkan KTP saat check-in (sewa harian) ·Tanpa deposit (sewa harian) ·K. Mandi Dalam ·AC ·Kloset Duduk ·Kasur ·Akses 24 Jam ,2750000,-,2750000
Campur,Kamar penuh,Kost New Kosakata Executive Tenggilis Mejoyo Surabaya,Tenggilis Mejoyo,K. Mandi Dalam ·WiFi ·AC ·Kasur ,1600000,-,1600000
Campur,Kamar penuh,Kost Classy Sidosermo Wonocolo Surabaya,Wonocolo,K. Mandi Dalam ·WiFi ·AC ·Kloset Duduk ·Kasur ,1400000,-,1400000
Putra,Kamar penuh,Kost Rms R9 Rungkut Surabaya,Rungkut,Wajib lampirkan KTP saat check-in (sewa harian) ·WiFi ·AC ·Kloset Duduk ·Kasur ·Akses 24 Jam ,1002200,-,1002200
Putri,Kamar penuh,Kost House of Sasha Sukolilo Surabaya,Sukolilo,K. Mandi Dalam ·WiFi ·AC ·Kloset Duduk ·Kasur ,900000,-,900000
Putri,Kamar penuh,Kost Maharani Semolowaru Tengah Sukolilo Surabaya,Kecamatan Sukolilo,K. Mandi Dalam ·WiFi ·AC ·Kloset Duduk ·Kasur ·Akses 24 Jam ,900000,-,900000
Putri,Kamar penuh,Kost Hosana Tipe A Wonokromo Surabaya,Wonokromo,K. Mandi Dalam ·WiFi ·AC ·Kloset Duduk ·Kasur ,1600000,-,1600000
Putri,Kamar penuh,Kost Manyar I Sukolilo Surabaya,Kecamatan Sukolilo,WiFi ·AC ·Kloset Duduk ·Kasur ,1500000,-,1500000
Putra,Kamar penuh,Kost Pro Solusi Tipe B Wonokromo Surabaya,Kecamatan Wonokromo,Harga termasuk listrik (sewa harian) ·Wajib lampirkan KTP saat check-in (sewa harian) ·WiFi ·AC ·Kloset Duduk ·Kasur ·Akses 24 Jam ,600000,-,600000
Putra,Kamar penuh,Kost Baratajaya V Gubeng Surabaya,Gubeng,WiFi ·AC ·Kloset Duduk ·Kasur ·Akses 24 Jam ,1500000,-,1500000
Campur,Kamar penuh, Kost Exclusive Tenggilis Timur  Tipe B Surabaya,Tenggilis Mejoyo,K. Mandi Dalam ·WiFi ·AC ·Kloset Duduk ·Kasur ·Akses 24 Jam ,2400000,-,2400000
Campur,Kamar penuh,Kost Exclusive Tenggilis Timur Tipe A Tenggilis Mejoyo Surabaya,Tenggilis Mejoyo,Harga termasuk listrik (sewa harian) ·Wajib lampirkan KTP saat check-in (sewa harian) ·K. Mandi Dalam ·WiFi ·AC ·Kloset Duduk ·Kasur ·Akses 24 Jam ,1800000,-,1800000
Campur,Kamar penuh,Kost 3M Tipe Executive Tenggilis Mejoyo Surabaya,Tenggilis Mejoyo,Wajib lampirkan KTP saat check-in (sewa harian) ·K. Mandi Dalam ·WiFi ·AC ·Kloset Duduk ·Kasur ·Akses 24 Jam ,1500000,-,1500000
Putri,Kamar penuh,Kost Nita Wonokromo Surabaya,Kecamatan Wonokromo,K. Mandi Dalam ·WiFi ·AC ·Kloset Duduk ·Kasur ,1600000,-,1600000
Campur,Kamar penuh,Kost Premium Wonokromo Surabaya,Wonokromo,WiFi ·AC ·Kloset Duduk ·Kasur ,1800000,-,1800000
Campur,Kamar penuh,Kost Graha Aashritha 1 Sukolilo Surabaya,Kecamatan Sukolilo,Check-in pukul 14:00-21:00 (sewa harian) ·Check-out maks. pukul 12:00 (sewa harian) ·Harga termasuk listrik (sewa harian) ·Wajib lampirkan KTP saat check-in (sewa harian) ·Tanpa deposit (sewa harian) ·K. Mandi Dalam ·AC ·Kloset Duduk ·Kasur ·Akses 24 Jam ,2750000,-,2750000
Campur,Kamar penuh,Kost New Kosakata Executive Tenggilis Mejoyo Surabaya,Tenggilis Mejoyo,K. Mandi Dalam ·WiFi ·AC ·Kasur ,1600000,-,1600000
Campur,Kamar penuh,Kost Classy Sidosermo Wonocolo Surabaya,Wonocolo,K. Mandi Dalam ·WiFi ·AC ·Kloset Duduk ·Kasur ,1400000,-,1400000
Putra,Kamar penuh,Kost Rms R9 Rungkut Surabaya,Rungkut,Wajib lampirkan KTP saat check-in (sewa harian) ·WiFi ·AC ·Kloset Duduk ·Kasur ·Akses 24 Jam ,1002200,-,1002200
Putri,Kamar penuh,Kost House of Sasha Sukolilo Surabaya,Sukolilo,K. Mandi Dalam ·WiFi ·AC ·Kloset Duduk ·Kasur ,900000,-,900000
Putri,Kamar penuh,Kost Maharani Semolowaru Tengah Sukolilo Surabaya,Kecamatan Sukolilo,K. Mandi Dalam ·WiFi ·AC ·Kloset Duduk ·Kasur ·Akses 24 Jam ,900000,-,900000
Putri,Kamar penuh,Kost Hosana Tipe A Wonokromo Surabaya,Wonokromo,K. Mandi Dalam ·WiFi ·AC ·Kloset Duduk ·Kasur ,1600000,-,1600000
Putri,Kamar penuh,Kost Manyar I Sukolilo Surabaya,Kecamatan Sukolilo,WiFi ·AC ·Kloset Duduk ·Kasur ,1500000,-,1500000
Putra,Kamar penuh,Kost Pro Solusi Tipe B Wonokromo Surabaya,Kecamatan Wonokromo,Harga termasuk listrik (sewa harian) ·Wajib lampirkan KTP saat check-in (sewa harian) ·WiFi ·AC ·Kloset Duduk ·Kasur ·Akses 24 Jam ,600000,-,600000
Putra,Kamar penuh,Kost Sidosermo Jemursari Prapen Margorejo Marina Margorejo Wonocolo Surabaya,Wonocolo,K. Mandi Dalam ·WiFi ·AC ·Kloset Duduk ·Kasur ·Akses 24 Jam ,1600000,-,1600000
Putra,Kamar penuh,Kost Nginden Tipe B Sukolilo Surabaya,Sukolilo,K. Mandi Dalam ·AC ·Kasur ·Akses 24 Jam ,1100000,-,1100000
Putra,Kamar penuh,Kost Play Ubaya Rungkut Surabaya,Rungkut,AC ·Kloset Duduk ·Kasur ·Akses 24 Jam ,1350000,-,1350000
Putri,Kamar penuh,Kost Pucang Jajar Selatan Tipe A Gubeng Surabaya,Gubeng,K. Mandi Dalam ·WiFi ·AC ·Kloset Duduk ·Kasur ,1700000,-,1700000
Putri,Kamar penuh,Kost Klapa Exclusive Manyar Surabaya,Sukolilo,K. Mandi Dalam ·WiFi ·AC ·Kloset Duduk ·Kasur ,2800000,-,2800000
Putri,Kamar penuh,Kost Griya Wigu 2 Executiv Wonokromo Surabaya,Wonokromo,WiFi ·AC ·Akses 24 Jam ,1450000,-,1450000
Putra,Kamar penuh,Kost Eco Sukolilo Surabaya,Kecamatan Sukolilo,WiFi ·Kasur ·Akses 24 Jam ,600000,-,600000
Putri,Kamar penuh,Kost Brabin 5C Gubeng Surabaya,Gubeng,K. Mandi Dalam ·WiFi ·AC ·Kloset Duduk ·Kasur ·Akses 24 Jam ,1000000,-,1000000
Putri,Kamar penuh,Kost Cozy Gubeng Surabaya,Kecamatan Gubeng,K. Mandi Dalam ·WiFi ·AC ·Kloset Duduk ·Kasur ,1650000,-,1650000
Putri,Kamar penuh,Kost Karyawati Mahasiswi Sukolilo Surabaya,Sukolilo,WiFi ·Kasur ·Akses 24 Jam ,850000,-,850000
Putri,Kamar penuh,Kost Muslim Klampis Tipe B Sukolilo Surabaya,Sukolilo,Harga termasuk listrik (sewa harian) ·K. Mandi Dalam ·WiFi ·Kloset Duduk ·Kasur ·Akses 24 Jam ,1300000,-,1300000
Putra,Kamar penuh,Kost Aditya Wonokromo Surabaya,Wonokromo,K. Mandi Dalam ·AC ·Kloset Duduk ·Kasur ·Akses 24 Jam ,1000000,-,1000000
Campur,Kamar penuh,Kost Abimanyu PDK Tipe A Wonocolo Surabaya,Wonocolo,K. Mandi Dalam ·WiFi ·AC ·Kloset Duduk ·Kasur ·Akses 24 Jam ,1500000,-,1500000
Putri,Kamar penuh,Kost Bedul Merisi Tipe A Wonocolo Surabaya,Wonocolo,K. Mandi Dalam ·WiFi ·Kasur ,750000,-,750000
Putra,Kamar penuh,Kost Dinda Gubeng Surabaya,Gubeng,WiFi ·AC ·Kloset Duduk ·Kasur ·Akses 24 Jam ,1750000,-,1750000
Putra,Kamar penuh,Kost Amanah Ngagel Wasana Tipe B Gubeng Surabaya,Gubeng,Kloset Duduk ·Kasur ·Akses 24 Jam ,650000,-,650000
Putra,Kamar penuh,Kost Amanah Ngagel Wasana Tipe D Gubeng Surabaya,Gubeng,WiFi ·Kasur ·Akses 24 Jam ,750000,-,750000
Putri,Kamar penuh,Kost Semolowaru Elok Tipe A Sukolilo Surabaya,Sukolilo,Kloset Duduk ·Kasur ·Akses 24 Jam ,850000,-,850000
Putri,Kamar penuh,Kost Muslimah Tipe Minimalis E Sukolilo Surabaya,Kecamatan Sukolilo,WiFi ·Kasur ,575000,-,575000
Putra,Kamar penuh,Kost Dini Ernawati Tipe AC Gubeng Surabaya,Kecamatan Gubeng,Tidak bisa DP (sewa harian) ·WiFi ·Kloset Duduk ·Kasur ·Akses 24 Jam ,1300000,-,1300000
Putri,Kamar penuh,Kost Muslimah Tipe D Sukolilo Surabaya,Kecamatan Sukolilo,WiFi ·Kasur ,600000,-,600000
Putri,Kamar penuh,Kost Muslimah Minimalist F Sukolilo Surabaya,Kecamatan Sukolilo,WiFi ·Kasur ,500000,-,500000
Putra,Kamar penuh,Kost 89 Tipe A Wonocolo Surabaya,Kecamatan Wonocolo,Kasur ·Akses 24 Jam ,500000,-,500000
Putri,Kamar penuh,Kost Imannuel Pucang Anom Gubeng Surabaya,Gubeng,WiFi ·Kloset Duduk ·Kasur ·Akses 24 Jam ,950000,-,950000
Putri,Kamar penuh,Kost Vinardian Vip Mulyorejo Surabaya,Mulyorejo,Wajib lampirkan KTP saat check-in (sewa harian) ·K. Mandi Dalam ·WiFi ·AC ·Kloset Duduk ·Kasur ·Akses 24 Jam ,1750000,-,1750000
Campur,Sisa 1 kamar,Kost Apik Ubaya KH 12 Tipe A Rungkut Surabaya,Kecamatan Rungkut,WiFi ·AC ·Kloset Duduk ·Kasur ,1312000,5%,1246400
Putra,Kamar penuh,Kost Apik UBAYA Si Mbok Tipe A Rungkut Surabaya,Kecamatan Rungkut,K. Mandi Dalam ·WiFi ·AC ·Kloset Duduk ·Kasur ·Akses 24 Jam ,1650000,10%,1485000
Putra,Sisa 1 kamar,Kost Apik UBAYA Si Mbok Tipe B Rungkut Surabaya,Kecamatan Rungkut,K. Mandi Dalam ·WiFi ·AC ·Kloset Duduk ·Kasur ·Akses 24 Jam ,2370000,10%,2133000
Putri,Sisa 4 kamar,Kost Apik Lily II Tipe C Sukolilo Surabaya,Sukolilo,WiFi ·Kloset Duduk ·Kasur ·Akses 24 Jam ,860000,5%,817000
Putri,Sisa 2 kamar,Kost Apik Lily II Tipe A Sukolilo Surabaya,Sukolilo,WiFi ·Kloset Duduk ·Kasur ·Akses 24 Jam ,1054500,5%,1001775
Putri,Sisa 3 kamar,Kost Apik Lily II Tipe B Sukolilo Surabaya,Sukolilo,WiFi ·Kloset Duduk ·Kasur ·Akses 24 Jam ,971250,5%,922688
Campur,Kamar penuh,Kost Apik UBAYA 72 Tipe C Tenggilis Mejoyo Surabaya,Tenggilis Mejoyo,K. Mandi Dalam ·AC ·Kloset Duduk ·Kasur ·Akses 24 Jam ,1400000,10%,1260000
Campur,Sisa 1 kamar,Kost Apik UBAYA 72 Tipe A Tenggilis Mejoyo Surabaya,Tenggilis Mejoyo,K. Mandi Dalam ·AC ·Kloset Duduk ·Kasur ·Akses 24 Jam ,2000000,10%,1800000
Campur,Kamar penuh,Kost Apik UBAYA 72 Tipe B Tenggilis Mejoyo Surabaya,Tenggilis Mejoyo,K. Mandi Dalam ·AC ·Kloset Duduk ·Kasur ·Akses 24 Jam ,1877000,10%,1689300
Putri,Sisa 2 kamar,Kost Apik Ai 11 Tipe B Rungkut Surabaya,Rungkut,WiFi ·Kloset Duduk ·Kasur ,850000,-,850000
Putri,Kamar penuh,Kost Apik Ai 11 Tipe A Rungkut Surabaya,Rungkut,WiFi ·AC ·Kloset Duduk ·Kasur ,1300000,-,1300000
Putri,Sisa 1 kamar,Kost Singgahsini Rumah Soerya Tipe C Semolowaru Surabaya,Sukolilo,K. Mandi Dalam ·WiFi ·AC ·Kloset Duduk ·Kasur ·Akses 24 Jam ,2000000,-,2000000
Campur,Kamar penuh,Kost Crystal Guest House Tipe A Sukolilo Surabaya,Sukolilo,Pasutri wajib membawa surat nikah (sewa harian) ·Wajib lampirkan KTP saat check-in (sewa harian) ·K. Mandi Dalam ·WiFi ·AC ·Kloset Duduk ·Kasur ·Akses 24 Jam ,2500000,-,2500000
Putra,Kamar penuh,Kost Ferkyta Tipe A Wonokromo Surabaya,Wonokromo,WiFi ·AC ·Kloset Duduk ·Kasur ·Akses 24 Jam ,1100000,-,1100000
Putra,Kamar penuh,Kost Ferkyta Tipe B Wonokromo Surabaya,Wonokromo,Tanpa deposit (sewa harian) ·Tidak bisa DP (sewa harian) ·WiFi ·AC ·Kloset Duduk ·Kasur ·Akses 24 Jam ,1000000,-,1000000
Putri,Kamar penuh,Kost Semolowaru Timur Gg XI Tipe A Sukolilo Surabaya,Sukolilo,WiFi ·Kasur ·Akses 24 Jam ,950000,-,950000
Putri,Kamar penuh,Kost Dekat ITS Surabaya Sukolilo Surabaya,Kecamatan Sukolilo,WiFi ·AC ·Kloset Duduk ·Kasur ,1300000,-,1300000
Campur,Kamar penuh,Kost Dekat UBAYA Kalirungkut Tenggilis Mejoyo Surabaya,Kecamatan Tenggilis Mejoyo,K. Mandi Dalam ·AC ·Kloset Duduk ·Kasur ,1250000,-,1250000
Putri,Kamar penuh,Kost Semolowaru Praja Tipe AC2 Sukolilo Surabaya,Sukolilo,Wajib lampirkan KTP saat check-in (sewa harian) ·WiFi ·AC ·Kasur ,1400000,-,1400000
Putri,Kamar penuh,Kost Semolowaru Praja Tipe AC Sukolilo Surabaya,Sukolilo,Wajib lampirkan KTP saat check-in (sewa harian) ·WiFi ·AC ·Kasur ,1400000,-,1400000
